<?xml version='1.0' encoding='utf-8'?>
<kml xmlns="http://www.opengis.net/kml/2.2">
    <Document>
        <name>Cañada</name>
        <Style id="incendio">
            <IconStyle>
                <scale>1.4</scale>
                <Icon>
                    <href>http://maps.google.com/mapfiles/kml/shapes/firedept.png</href>
                </Icon>
            </IconStyle>
        </Style>
        <Style id="ruta">
            <LineStyle>
                <color>ff0000ff</color>
                <width>4</width>
            </LineStyle>
        </Style>
        <Style id="camino">
            <LineStyle>
                <color>ff00a5ff</color>
                <width>2</width>
            </LineStyle>
        </Style>
        <Style id="sendero">
            <LineStyle>
                <color>ff808080</color>
                <width>1</width>
            </LineStyle>
        </Style>
        <Style id="simulacion">
            <LineStyle>
                <color>ff00ffff</color>
                <width>2</width>
            </LineStyle>
            <PolyStyle>
                <color>2800ccff</color>
            </PolyStyle>
        </Style>
        <Style id="viento">
            <LineStyle>
                <color>ffff0000</color>
                <width>5</width>
            </LineStyle>
        </Style>
        <Style id="carrera_primaria">
            <LineStyle>
                <color>ff4444ff</color>
                <width>4</width>
            </LineStyle>
        </Style>
        <Style id="carrera_secundaria">
            <LineStyle>
                <color>ffff6600</color>
                <width>3</width>
            </LineStyle>
        </Style>
        <Style id="combustible_seco">
            <LineStyle>
                <color>ffff7a00</color>
                <width>2.5</width>
            </LineStyle>
            <PolyStyle>
                <color>66ff8c00</color>
            </PolyStyle>
        </Style>
        <Style id="heatmap_critico">
            <LineStyle>
                <color>ff0033ff</color>
                <width>1.5</width>
            </LineStyle>
            <PolyStyle>
                <color>d00000ff</color>
            </PolyStyle>
        </Style>
        <Style id="heatmap_alto">
            <LineStyle>
                <color>ff0066ff</color>
                <width>1.5</width>
            </LineStyle>
            <PolyStyle>
                <color>a0146eff</color>
            </PolyStyle>
        </Style>
        <Style id="heatmap_medio">
            <LineStyle>
                <color>ff00b4ff</color>
                <width>1.5</width>
            </LineStyle>
            <PolyStyle>
                <color>7828b4ff</color>
            </PolyStyle>
        </Style>
        <Style id="heatmap_bajo">
            <LineStyle>
                <color>ff00ffff</color>
                <width>1.5</width>
            </LineStyle>
            <PolyStyle>
                <color>5040ffff</color>
            </PolyStyle>
        </Style>
        <Folder>
            <name>Incendio</name>
            <Placemark>
                <name>Cañada</name>
                <styleUrl>#incendio</styleUrl>
                <description>Nombre: Cañada
Fecha: 26/09/2026 12:35
Ubicación: Córdoba - Jeanmaire
Estado: ACTIVO
Radio de análisis: 10000 m
Descripción: Sin descripción</description>
                <Point>
                    <coordinates>-62.40903,-31.48386,0</coordinates>
                </Point>
            </Placemark>
        </Folder>
        <Folder>
            <name>Riesgo por humedad baja</name>
            <Placemark>
                <name>Sector de riesgo por humedad baja (35%)</name>
                <styleUrl>#combustible_seco</styleUrl>
                <description>Combustible con humedad relativa baja (35%).
Riesgo potencial de ignición y propagación acelerada si se mantienen estas condiciones.</description>
                <TimeSpan>
                    <begin>2026-09-26T12:35:00</begin>
                    <end>2026-09-27T00:35:00</end>
                </TimeSpan>
                <Polygon>
                    <tessellate>1</tessellate>
                    <outerBoundaryIs>
                        <LinearRing>
                            <coordinates>-62.349441418709965,-31.534676386323554,0 -62.3530439378421,-31.537361825562666,0 -62.35707254471257,-31.539640083603956,0 -62.36149657919055,-31.54149382152809,0 -62.366282371702354,-31.542908931270137,0 -62.37139349947723,-31.543874642990502,0 -62.376791063746616,-31.544383607039876,0 -62.382433985787294,-31.544431949894527,0 -62.388279319555245,-31.544019303636134,0 -62.394282578530984,-31.543148808751887,0 -62.40039807428884,-31.54182709023348,0 -62.406579264213455,-31.54006420715691,0 -62.412779105717206,-31.537873576126845,0 -62.41895041426267,-31.53527186916817,0 -62.42504622246549,-31.532278886841787,0 -62.431020137544486,-31.528917407550416,0 -62.43682669439875,-31.52521301418118,0 -62.44242170162455,-31.52119389940439,0 -62.447762577838525,-31.51689065111031,0 -62.452808675747775,-31.51233601961683,0 -62.4575215915003,-31.50756466841977,0 -62.46186545696148,-31.50261291038277,0 -62.46580721269227,-31.497518431374438,0 -62.46931685955145,-31.49232000345616,0 -62.47236768700724,-31.48705718980329,0 -62.47493647642057,-31.481770043605504,0 -62.47700367775291,-31.47649880323783,0 -62.47855355835393,-31.471283586022327,0 -62.4795743226964,-31.46616408291104,0 -62.480058202147326,-31.46117925641389,0 -62.48000151409191,-31.456367044070433,0 -62.47940468996048,-31.4517640697223,0 -62.47827227194506,-31.447405364783638,0 -62.4766128784305,-31.443324101630882,0 -62.47443913840343,-31.43955134114096,0 -62.471767595337994,-31.43611579629925,0 -62.46861858129004,-31.433043613676446,0 -62.4650160621579,-31.430358174437334,0 -62.46098745528743,-31.428079916396044,0 -62.45656342080945,-31.42622617847191,0 -62.45177762829765,-31.424811068729863,0 -62.446666500522774,-31.423845357009498,0 -62.44126893625339,-31.423336392960124,0 -62.43562601421271,-31.423288050105473,0 -62.42978068044476,-31.423700696363866,0 -62.42377742146902,-31.424571191248113,0 -62.417661925711165,-31.42589290976652,0 -62.41148073578655,-31.42765579284309,0 -62.4052808942828,-31.42984642387315,0 -62.399109585737335,-31.43244813083183,0 -62.39301377753451,-31.435441113158213,0 -62.38703986245552,-31.438802592449584,0 -62.38123330560125,-31.44250698581882,0 -62.37563829837545,-31.44652610059561,0 -62.37029742216148,-31.45082934888969,0 -62.36525132425223,-31.45538398038317,0 -62.3605384084997,-31.46015533158023,0 -62.35619454303852,-31.46510708961723,0 -62.352252787307734,-31.470201568625562,0 -62.348743140448555,-31.47539999654384,0 -62.34569231299276,-31.48066281019671,0 -62.343123523579436,-31.485949956394496,0 -62.34105632224709,-31.49122119676217,0 -62.33950644164607,-31.496436413977673,0 -62.3384856773036,-31.50155591708896,0 -62.33800179785268,-31.50654074358611,0 -62.33805848590809,-31.511352955929567,0 -62.33865531003952,-31.5159559302777,0 -62.339787728054944,-31.520314635216362,0 -62.3414471215695,-31.524395898369118,0 -62.34362086159657,-31.52816865885904,0 -62.34629240466201,-31.53160420370075,0 -62.349441418709965,-31.534676386323554,0</coordinates>
                        </LinearRing>
                    </outerBoundaryIs>
                </Polygon>
            </Placemark>
            <Placemark>
                <name>Sector de riesgo por humedad baja (35%)</name>
                <styleUrl>#combustible_seco</styleUrl>
                <description>Combustible con humedad relativa baja (35%).
Riesgo potencial de ignición y propagación acelerada si se mantienen estas condiciones.</description>
                <TimeSpan>
                    <begin>2026-09-26T12:35:00</begin>
                    <end>2026-09-27T00:35:00</end>
                </TimeSpan>
                <Polygon>
                    <tessellate>1</tessellate>
                    <outerBoundaryIs>
                        <LinearRing>
                            <coordinates>-62.33632480832344,-31.545855991314735,0 -62.339927758057414,-31.548541430553847,0 -62.34395684645912,-31.550819688595137,0 -62.348381409733,-31.55267342651927,0 -62.35316777428091,-31.554088536261318,0 -62.35827951297856,-31.555054247981683,0 -62.3636777224079,-31.555563212031057,0 -62.36932131893565,-31.555611554885708,0 -62.37516735138453,-31.555198908627315,0 -62.381171327917684,-31.554328413743068,0 -62.387287554648395,-31.55300669522466,0 -62.39346948339815,-31.55124381214809,0 -62.39967006595642,-31.549053181118026,0 -62.40584211214593,-31.54645147415935,0 -62.41193864896839,-31.54345849183297,0 -62.41791327809738,-31.540097012541597,0 -62.42372052899766,-31.53639261917236,0 -62.429316204983365,-31.532373504395572,0 -62.43465771958148,-31.52807025610149,0 -62.439704420640616,-31.52351562460801,0 -62.44441789971844,-31.518744273410952,0 -62.448762284393084,-31.51379251537395,0 -62.45270451127397,-31.50869803636562,0 -62.45621457763414,-31.503499608447342,0 -62.45926576974918,-31.498236794794472,0 -62.46183486620471,-31.492949648596685,0 -62.46390231462546,-31.487678408229012,0 -62.46545238048057,-31.482463191013508,0 -62.46647326683294,-31.47734368790222,0 -62.466957204121,-31.47235886140507,0 -62.46690050928977,-31.467546649061614,0 -62.46630361382116,-31.462943674713483,0 -62.465171060450096,-31.45858496977482,0 -62.46351146859159,-31.454503706622063,0 -62.46133746874177,-31.45073094613214,0 -62.458665606352184,-31.447295401290432,0 -62.45551621590894,-31.444223218667627,0 -62.45191326617497,-31.441537779428515,0 -62.44788417777326,-31.439259521387225,0 -62.44345961449938,-31.437405783463092,0 -62.43867324995147,-31.435990673721044,0 -62.43356151125382,-31.43502496200068,0 -62.42816330182448,-31.434515997951305,0 -62.422519705296736,-31.434467655096654,0 -62.41667367284785,-31.434880301355047,0 -62.4106696963147,-31.435750796239294,0 -62.40455346958399,-31.437072514757702,0 -62.39837154083423,-31.43883539783427,0 -62.39217095827596,-31.441026028864336,0 -62.38599891208645,-31.44362773582301,0 -62.379902375263995,-31.446620718149394,0 -62.373927746135,-31.449982197440765,0 -62.36812049523472,-31.45368659081,0 -62.36252481924902,-31.45770570558679,0 -62.3571833046509,-31.462008953880872,0 -62.35213660359177,-31.466563585374352,0 -62.347423124513945,-31.47133493657141,0 -62.3430787398393,-31.47628669460841,0 -62.33913651295841,-31.481381173616743,0 -62.33562644659824,-31.48657960153502,0 -62.3325752544832,-31.49184241518789,0 -62.33000615802767,-31.497129561385677,0 -62.327938709606926,-31.50240080175335,0 -62.32638864375181,-31.507616018968854,0 -62.32536775739944,-31.512735522080142,0 -62.32488382011138,-31.517720348577292,0 -62.32494051494261,-31.522532560920748,0 -62.32553741041122,-31.52713553526888,0 -62.32666996378229,-31.531494240207543,0 -62.32832955564079,-31.5355755033603,0 -62.330503555490615,-31.539348263850222,0 -62.3331754178802,-31.54278380869193,0 -62.33632480832344,-31.545855991314735,0</coordinates>
                        </LinearRing>
                    </outerBoundaryIs>
                </Polygon>
            </Placemark>
            <Placemark>
                <name>Sector de riesgo por humedad baja (35%)</name>
                <styleUrl>#combustible_seco</styleUrl>
                <description>Combustible con humedad relativa baja (35%).
Riesgo potencial de ignición y propagación acelerada si se mantienen estas condiciones.</description>
                <TimeSpan>
                    <begin>2026-09-26T12:35:00</begin>
                    <end>2026-09-27T00:35:00</end>
                </TimeSpan>
                <Polygon>
                    <tessellate>1</tessellate>
                    <outerBoundaryIs>
                        <LinearRing>
                            <coordinates>-62.360173187891114,-31.525529436785312,0 -62.36377535489121,-31.528214876024425,0 -62.36780356798124,-31.530493134065715,0 -62.37222717002729,-31.532346871989848,0 -62.37701249474674,-31.533761981731896,0 -62.38212312292901,-31.53472769345226,0 -62.38752015960777,-31.535236657501635,0 -62.39316253007506,-31.535285000356286,0 -62.399007292484676,-31.534872354097892,0 -62.40500996466551,-31.534001859213646,0 -62.411124862657765,-31.532680140695238,0 -62.417305448395425,-31.53091725761867,0 -62.4235046838891,-31.528726626588604,0 -62.429675389213486,-31.52612491962993,0 -62.43577060157508,-31.523131937303546,0 -62.44174393272742,-31.519770458012175,0 -62.44754992201365,-31.51606606464294,0 -62.45314438234954,-31.51204694986615,0 -62.45848473651392,-31.507743701572068,0 -62.46353034118699,-31.503189070078587,0 -62.46824279627057,-31.49841771888153,0 -62.47258623713603,-31.493465960844528,0 -62.47652760757573,-31.488371481836197,0 -62.480036911380765,-31.48317305391792,0 -62.48308744063019,-31.47791024026505,0 -62.48565597895448,-31.472623094067263,0 -62.487722978226046,-31.46735185369959,0 -62.48927270733234,-31.462136636484086,0 -62.49029337189912,-31.457017133372798,0 -62.49077720405274,-31.452032306875648,0 -62.49072052153836,-31.44722009453219,0 -62.490123755744136,-31.44261712018406,0 -62.488991448418105,-31.438258415245397,0 -62.487332217102725,-31.43417715209264,0 -62.485158689550175,-31.430404391602718,0 -62.48248740761754,-31.42696884676101,0 -62.4793387013733,-31.423896664138205,0 -62.475736534373205,-31.421211224899093,0 -62.471708321283174,-31.418932966857803,0 -62.46728471923713,-31.41707922893367,0 -62.46249939451768,-31.41566411919162,0 -62.457388766335406,-31.414698407471256,0 -62.45199172965665,-31.414189443421883,0 -62.446349359189355,-31.41414110056723,0 -62.44050459677974,-31.414553746825625,0 -62.434501924598905,-31.41542424170987,0 -62.42838702660665,-31.41674596022828,0 -62.42220644086899,-31.41850884330485,0 -62.416007205375315,-31.42069947433491,0 -62.40983650005093,-31.42330118129359,0 -62.403741287689336,-31.42629416361997,0 -62.397767956536995,-31.429655642911342,0 -62.391961967250765,-31.43336003628058,0 -62.38636750691487,-31.437379151057367,0 -62.3810271527505,-31.44168239935145,0 -62.37598154807743,-31.44623703084493,0 -62.37126909299384,-31.451008382041987,0 -62.36692565212839,-31.45596014007899,0 -62.36298428168868,-31.46105461908732,0 -62.35947497788365,-31.466253047005598,0 -62.35642444863422,-31.471515860658467,0 -62.35385591030993,-31.476803006856255,0 -62.35178891103837,-31.482074247223927,0 -62.350239181932075,-31.48728946443943,0 -62.349218517365294,-31.49240896755072,0 -62.348734685211674,-31.49739379404787,0 -62.34879136772606,-31.502206006391326,0 -62.34938813352028,-31.506808980739457,0 -62.35052044084631,-31.51116768567812,0 -62.35217967216169,-31.515248948830877,0 -62.35435319971424,-31.5190217093208,0 -62.357024481646874,-31.522457254162507,0 -62.360173187891114,-31.525529436785312,0</coordinates>
                        </LinearRing>
                    </outerBoundaryIs>
                </Polygon>
            </Placemark>
        </Folder>
        <Folder>
            <name>Mapa de calor</name>
            <Placemark>
                <name>Intensidad critico</name>
                <styleUrl>#heatmap_critico</styleUrl>
                <description>Zona de intensidad critico.
Extensión estimada: 4965 m.</description>
                <Polygon>
                    <tessellate>1</tessellate>
                    <outerBoundaryIs>
                        <LinearRing>
                            <coordinates>-62.36538050139071,-31.521081824138257,0 -62.36754920633525,-31.522691087689314,0 -62.36998293334292,-31.524048035504535,0 -62.37266316028167,-31.525142340391703,0 -62.37556948900612,-31.52596567402986,0 -62.3786798005998,-31.52651177035288,0 -62.38197042371342,-31.526776473238005,0 -62.38541631471815,-31.52675776813645,0 -62.388991248302766,-31.526455797405323,0 -62.392668017064075,-31.52587285922423,0 -62.39641863857172,-31.52501339010471,0 -62.40021456833133,-31.523883931125734,0 -62.4040269170254,-31.522493078152113,0 -62.4078266703784,-31.520851416414796,0 -62.41158490997296,-31.518971439950864,0 -62.41527303333648,-31.516867456516373,0 -62.41886297162323,-31.514555478695677,0 -62.42232740323516,-31.512053102036003,0 -62.425639961755834,-31.509379371134706,0 -62.42877543661473,-31.50655463469839,0 -62.43170996495491,-31.503600390676954,0 -62.434421213243816,-31.500539122651226,0 -62.43688854724484,-31.497394128719325,0 -62.43909318905644,-31.49418934418407,0 -62.44101836002323,-31.49094915939088,0 -62.44264940843169,-31.487698234102503,0 -62.44397392101858,-31.484461309823352,0 -62.44498181744336,-31.481263021501697,0 -62.44566542700565,-31.47812771004284,0 -62.4460195470239,-31.475079237060147,0 -62.44604148243096,-31.472140803273724,0 -62.44573106628511,-31.469334771938964,0 -62.445090661040695,-31.466682498648655,0 -62.44412514056828,-31.46420416880402,0 -62.442841853061665,-31.461918643991634,0 -62.441250565113656,-31.459843318435357,0 -62.43936338738637,-31.45799398661579,0 -62.437194682441834,-31.456384723064733,0 -62.434760955434164,-31.455027775249512,0 -62.432080728495414,-31.453933470362344,0 -62.429174399770964,-31.453110136724188,0 -62.426064088177284,-31.452564040401167,0 -62.42277346506366,-31.452299337516042,0 -62.41932757405893,-31.4523180426176,0 -62.41575264047432,-31.452620013348724,0 -62.41207587171301,-31.453202951529818,0 -62.408325250205365,-31.454062420649336,0 -62.404529320445754,-31.455191879628313,0 -62.400716971751685,-31.456582732601934,0 -62.396917218398684,-31.45822439433925,0 -62.393158978804124,-31.460104370803183,0 -62.3894708554406,-31.462208354237674,0 -62.385880917153855,-31.46452033205837,0 -62.382416485541924,-31.467022708718044,0 -62.37910392702125,-31.46969643961934,0 -62.375968452162354,-31.472521176055658,0 -62.37303392382217,-31.475475420077093,0 -62.37032267553327,-31.47853668810282,0 -62.36785534153224,-31.481681682034722,0 -62.36565069972064,-31.48488646656998,0 -62.363725528753854,-31.488126651363167,0 -62.36209448034539,-31.491377576651544,0 -62.3607699677585,-31.494614500930695,0 -62.35976207133372,-31.49781278925235,0 -62.35907846177143,-31.500948100711206,0 -62.35872434175318,-31.5039965736939,0 -62.358702406346126,-31.506935007480322,0 -62.35901282249197,-31.509741038815083,0 -62.35965322773639,-31.51239331210539,0 -62.3606187482088,-31.514871641950027,0 -62.36190203571542,-31.517157166762413,0 -62.36349332366343,-31.51923249231869,0 -62.36538050139071,-31.521081824138257,0</coordinates>
                        </LinearRing>
                    </outerBoundaryIs>
                </Polygon>
            </Placemark>
            <Placemark>
                <name>Intensidad alto</name>
                <styleUrl>#heatmap_alto</styleUrl>
                <description>Zona de intensidad alto.
Extensión estimada: 3972 m.</description>
                <Polygon>
                    <tessellate>1</tessellate>
                    <outerBoundaryIs>
                        <LinearRing>
                            <coordinates>-62.37411076037827,-31.513637459310605,0 -62.37584570327116,-31.51492487015145,0 -62.377792661240626,-31.51601042840363,0 -62.37993681676091,-31.51688587231336,0 -62.38226185151383,-31.517544539223884,0 -62.38475007058102,-31.517981416282304,0 -62.387382537112956,-31.518193178590405,0 -62.3901392164498,-31.518178214509156,0 -62.392999128597275,-31.517936637924254,0 -62.395940507897066,-31.517470287379382,0 -62.398940968676655,-31.516782712083767,0 -62.40197767561778,-31.515879144900588,0 -62.405027517547005,-31.51476646252169,0 -62.40806728332571,-31.513453133131833,0 -62.41107383850084,-31.51194915196069,0 -62.41402430137213,-31.510265965213097,0 -62.41689621713557,-31.50841638295654,0 -62.41966772877811,-31.506414481628802,0 -62.422317743422646,-31.504275496907763,0 -62.42482609285762,-31.50201570775871,0 -62.42717368702925,-31.49965231254156,0 -62.42934265932838,-31.49720329812098,0 -62.43131650256613,-31.494687302975457,0 -62.43308019460364,-31.492123475347253,0 -62.434620312679556,-31.4895313275127,0 -62.43592513556537,-31.486930587282,0 -62.43698473277105,-31.48434104785868,0 -62.43779104012205,-31.481782417201355,0 -62.43833792113257,-31.479274168034273,0 -62.43862121370792,-31.476835389648116,0 -62.43863876182052,-31.47448464261898,0 -62.43839043191865,-31.47223981755117,0 -62.43787811394281,-31.470117998918923,0 -62.43710570694214,-31.468135335043215,0 -62.43607908940031,-31.466306915193307,0 -62.4348060744967,-31.464646654748286,0 -62.43329635064339,-31.46316718929263,0 -62.4315614077505,-31.461879778451785,0 -62.429614449781035,-31.460794220199606,0 -62.42747029426075,-31.459918776289875,0 -62.42514525950783,-31.45926010937935,0 -62.42265704044064,-31.45882323232093,0 -62.420024573908705,-31.45861147001283,0 -62.41726789457186,-31.45862643409408,0 -62.414407982424386,-31.45886801067898,0 -62.411466603124595,-31.459334361223853,0 -62.408466142345006,-31.460021936519468,0 -62.40542943540388,-31.460925503702647,0 -62.402379593474656,-31.462038186081546,0 -62.399339827695954,-31.463351515471402,0 -62.39633327252082,-31.464855496642546,0 -62.39338280964953,-31.466538683390137,0 -62.39051089388609,-31.468388265646695,0 -62.38773938224355,-31.470390166974433,0 -62.385089367599015,-31.472529151695472,0 -62.38258101816404,-31.474788940844526,0 -62.38023342399241,-31.477152336061675,0 -62.378064451693284,-31.479601350482255,0 -62.37609060845553,-31.482117345627778,0 -62.37432691641802,-31.484681173255982,0 -62.372786798342105,-31.487273321090534,0 -62.37148197545629,-31.489874061321235,0 -62.37042237825061,-31.492463600744554,0 -62.36961607089961,-31.49502223140188,0 -62.36906918988909,-31.49753048056896,0 -62.36878589731374,-31.49996925895512,0 -62.36876834920114,-31.502320005984256,0 -62.36901667910301,-31.504564831052065,0 -62.36952899707885,-31.506686649684312,0 -62.37030140407952,-31.50866931356002,0 -62.37132802162135,-31.510497733409927,0 -62.37260103652496,-31.51215799385495,0 -62.37411076037827,-31.513637459310605,0</coordinates>
                        </LinearRing>
                    </outerBoundaryIs>
                </Polygon>
            </Placemark>
            <Placemark>
                <name>Intensidad medio</name>
                <styleUrl>#heatmap_medio</styleUrl>
                <description>Zona de intensidad medio.
Extensión estimada: 2731 m.</description>
                <Polygon>
                    <tessellate>1</tessellate>
                    <outerBoundaryIs>
                        <LinearRing>
                            <coordinates>-62.38502333148436,-31.50433200327604,0 -62.386216086623584,-31.50521709822912,0 -62.387554599916115,-31.505963419527493,0 -62.38902868446759,-31.506565287215434,0 -62.390627121604496,-31.50701812071642,0 -62.39233774625506,-31.50731847369408,0 -62.39414753953279,-31.507464060280903,0 -62.39604272781804,-31.507453772475042,0 -62.39800888758364,-31.507287688572923,0 -62.40003105516656,-31.50696707257332,0 -62.40209384065048,-31.50649436455759,0 -62.40418154499232,-31.50587316211915,0 -62.40627827950144,-31.50510819298366,0 -62.40836808676221,-31.504205279028135,0 -62.410435062079486,-31.503171291972972,0 -62.412463474523044,-31.502014101084004,0 -62.414437886649395,-31.50074251328262,0 -62.41634327199008,-31.4993662061198,0 -62.41816512941215,-31.497895654124086,0 -62.419889593480555,-31.496342049084113,0 -62.421503539982474,-31.49471721487232,0 -62.42299468581051,-31.493033517458173,0 -62.42435168244451,-31.491303770795625,0 -62.425564202320736,-31.489541139301235,0 -62.42662301743078,-31.48775903766498,0 -62.42752006955232,-31.485971028756374,0 -62.42824853157707,-31.48419072040284,0 -62.42880285946915,-31.48243166182593,0 -62.4291788344586,-31.48070724052356,0 -62.42937359514872,-31.47903058038308,0 -62.42938565929306,-31.477414441800544,0 -62.42921493507621,-31.475871124566428,0 -62.42886272181253,-31.474412374256758,0 -62.42833170005764,-31.47304929284221,0 -62.427625911207734,-31.471792254195396,0 -62.426750726742114,-31.470650825139444,0 -62.42571280734303,-31.46963369263868,0 -62.42452005220381,-31.4687485976856,0 -62.42318153891128,-31.468002276387228,0 -62.421707454359805,-31.467400408699287,0 -62.4201090172229,-31.4669475751983,0 -62.418398392572335,-31.46664722222064,0 -62.416588599294606,-31.46650163563382,0 -62.41469341100935,-31.46651192343968,0 -62.41272725124375,-31.466678007341798,0 -62.41070508366084,-31.4669986233414,0 -62.408642298176915,-31.46747133135713,0 -62.406554593835075,-31.46809253379557,0 -62.40445785932595,-31.468857502931062,0 -62.402368052065185,-31.469760416886587,0 -62.40030107674791,-31.47079440394175,0 -62.39827266430435,-31.471951594830717,0 -62.396298252178,-31.4732231826321,0 -62.394392866837315,-31.474599489794922,0 -62.39257100941524,-31.476070041790635,0 -62.39084654534684,-31.477623646830608,0 -62.38923259884492,-31.4792484810424,0 -62.387741453016886,-31.48093217845655,0 -62.386384456382885,-31.482661925119096,0 -62.38517193650666,-31.484424556613487,0 -62.38411312139662,-31.486206658249742,0 -62.38321606927507,-31.487994667158347,0 -62.382487607250326,-31.48977497551188,0 -62.38193327935824,-31.49153403408879,0 -62.3815573043688,-31.49325845539116,0 -62.38136254367868,-31.494935115531643,0 -62.38135047953433,-31.496551254114177,0 -62.381521203751184,-31.498094571348293,0 -62.381873417014866,-31.499553321657963,0 -62.382404438769754,-31.500916403072512,0 -62.38311022761966,-31.502173441719325,0 -62.38398541208528,-31.503314870775277,0 -62.38502333148436,-31.50433200327604,0</coordinates>
                        </LinearRing>
                    </outerBoundaryIs>
                </Polygon>
            </Placemark>
            <Placemark>
                <name>Intensidad bajo</name>
                <styleUrl>#heatmap_bajo</styleUrl>
                <description>Zona de intensidad bajo.
Extensión estimada: 1489 m.</description>
                <Polygon>
                    <tessellate>1</tessellate>
                    <outerBoundaryIs>
                        <LinearRing>
                            <coordinates>-62.39593562192008,-31.495026547241476,0 -62.39658620576055,-31.495509326306795,0 -62.39731629284191,-31.49591641065136,0 -62.39812032676064,-31.49624470211751,0 -62.39899218833313,-31.496491702208957,0 -62.39992524216637,-31.496655531105866,0 -62.40091238715729,-31.4967349419714,0 -62.40194611053646,-31.496729330440935,0 -62.40301854504477,-31.496638739221595,0 -62.40412152880809,-31.496463857767267,0 -62.40524666745395,-31.496206017031415,0 -62.406385397997894,-31.495867179337722,0 -62.4075290540129,-31.495449923445634,0 -62.40866893158612,-31.49495742492444,0 -62.40979635556096,-31.49439343198526,0 -62.4109027455602,-31.49376223695491,0 -62.41197968128791,-31.493068643608705,0 -62.41301896661291,-31.492317930610803,0 -62.414012691946354,-31.491515811340413,0 -62.41495329443842,-31.490668390409517,0 -62.41583361553619,-31.489782117203088,0 -62.41664695546456,-31.488863736795366,0 -62.417387124215566,-31.487920238615796,0 -62.41804848865809,-31.48695880325522,0 -62.41862601540938,-31.485986747817265,0 -62.419115309142136,-31.485011470230752,0 -62.419512646035614,-31.484040392947005,0 -62.419815002116124,-31.48308090645051,0 -62.42002007627134,-31.482140313012852,0 -62.420126307763105,-31.481225771118044,0 -62.42013288810563,-31.480344240982117,0 -62.420039767218526,-31.47950243158169,0 -62.41984765380798,-31.478706749594597,0 -62.41955800997304,-31.477963250641206,0 -62.41917304007818,-31.477277593197492,0 -62.41869567397676,-31.47665499553061,0 -62.41812954471305,-31.47610019598474,0 -62.41747896087258,-31.47561741691942,0 -62.41674887379122,-31.475210332574854,0 -62.41594483987249,-31.474882041108703,0 -62.415072978299996,-31.474635041017258,0 -62.41413992446676,-31.47447121212035,0 -62.41315277947584,-31.474391801254814,0 -62.41211905609667,-31.47439741278528,0 -62.411046621588355,-31.47448800400462,0 -62.40994363782504,-31.474662885458947,0 -62.408818499179176,-31.4749207261948,0 -62.407679768635234,-31.475259563888493,0 -62.40653611262023,-31.47567681978058,0 -62.40539623504701,-31.476169318301775,0 -62.40426881107217,-31.476733311240956,0 -62.40316242107293,-31.477364506271304,0 -62.40208548534522,-31.47805809961751,0 -62.40104620002022,-31.478808812615412,0 -62.400052474686774,-31.4796109318858,0 -62.39911187219471,-31.480458352816697,0 -62.39823155109694,-31.481344626023127,0 -62.39741821116857,-31.48226300643085,0 -62.39667804241756,-31.48320650461042,0 -62.39601667797504,-31.484167939970995,0 -62.39543915122375,-31.48513999540895,0 -62.39494985749099,-31.486115272995463,0 -62.394552520597514,-31.48708635027921,0 -62.394250164517004,-31.488045836775704,0 -62.394045090361786,-31.488986430213362,0 -62.39393885887002,-31.48990097210817,0 -62.3939322785275,-31.490782502244098,0 -62.3940253994146,-31.491624311644525,0 -62.39421751282515,-31.492419993631618,0 -62.39450715666009,-31.49316349258501,0 -62.39489212655495,-31.493849150028723,0 -62.39536949265637,-31.494471747695606,0 -62.39593562192008,-31.495026547241476,0</coordinates>
                        </LinearRing>
                    </outerBoundaryIs>
                </Polygon>
            </Placemark>
            <Placemark>
                <name>Intensidad muy_bajo</name>
                <styleUrl>#heatmap_muy_bajo</styleUrl>
                <description>Zona de intensidad muy_bajo.
Extensión estimada: 595 m.</description>
                <Polygon>
                    <tessellate>1</tessellate>
                    <outerBoundaryIs>
                        <LinearRing>
                            <coordinates>-62.40379229725943,-31.488326618896593,0 -62.4040525279527,-31.488519730522718,0 -62.40434455959492,-31.488682564260547,0 -62.404666169648955,-31.488813880847005,0 -62.4050149104681,-31.488912680883583,0 -62.40538812792414,-31.488978212442348,0 -62.40578298160689,-31.489009976788562,0 -62.40619646644141,-31.489007732176375,0 -62.40662543555842,-31.48897149568864,0 -62.40706662424394,-31.48890154310691,0 -62.40751667478566,-31.488798406812567,0 -62.40797216202723,-31.48866287173509,0 -62.40842961943569,-31.488495969378256,0 -62.40888556548395,-31.488298969969776,0 -62.40933653014728,-31.488073372794105,0 -62.40977908131229,-31.487820894781965,0 -62.41020985089739,-31.487543457443483,0 -62.410625560485926,-31.487243172244323,0 -62.41102304627693,-31.486922324536167,0 -62.411399283163526,-31.48658335616381,0 -62.411751407755816,-31.486228846881236,0 -62.412076740173035,-31.485861494718147,0 -62.41237280443906,-31.48548409544632,0 -62.41263734732604,-31.48509952130209,0 -62.41286835550289,-31.484710699126907,0 -62.41306407085788,-31.484320588092302,0 -62.41322300387899,-31.483932157178803,0 -62.41334394498996,-31.483548362580205,0 -62.41342597375592,-31.483172125205144,0 -62.413468465888414,-31.48280630844722,0 -62.41347109799667,-31.48245369639285,0 -62.41343385004875,-31.482116972632678,0 -62.41335700552402,-31.48179869983784,0 -62.41324114925573,-31.481501300256483,0 -62.41308716298003,-31.481227037278998,0 -62.41289621862545,-31.480977998212243,0 -62.41266976939383,-31.480756078393895,0 -62.41240953870056,-31.48056296676777,0 -62.41211750705834,-31.480400133029942,0 -62.4117958970043,-31.480268816443484,0 -62.41144715618516,-31.480170016406905,0 -62.41107393872912,-31.48010448484814,0 -62.41067908504637,-31.480072720501926,0 -62.41026560021185,-31.480074965114113,0 -62.40983663109484,-31.480111201601847,0 -62.40939544240932,-31.48018115418358,0 -62.4089453918676,-31.480284290477922,0 -62.40848990462603,-31.480419825555398,0 -62.40803244721757,-31.480586727912232,0 -62.40757650116931,-31.480783727320713,0 -62.40712553650598,-31.481009324496384,0 -62.40668298534097,-31.481261802508524,0 -62.40625221575587,-31.481539239847006,0 -62.40583650616733,-31.481839525046166,0 -62.40543902037633,-31.482160372754322,0 -62.40506278348973,-31.48249934112668,0 -62.40471065889744,-31.482853850409253,0 -62.404385326480224,-31.48322120257234,0 -62.4040892622142,-31.483598601844168,0 -62.40382471932722,-31.4839831759884,0 -62.40359371115037,-31.48437199816358,0 -62.40339799579538,-31.484762109198186,0 -62.40323906277427,-31.485150540111686,0 -62.4031181216633,-31.485534334710284,0 -62.40303609289734,-31.485910572085345,0 -62.402993600764844,-31.48627638884327,0 -62.40299096865659,-31.48662900089764,0 -62.40302821660451,-31.48696572465781,0 -62.40310506112924,-31.48728399745265,0 -62.403220917397526,-31.487581397034006,0 -62.40337490367323,-31.48785566001149,0 -62.40356584802781,-31.488104699078246,0 -62.40379229725943,-31.488326618896593,0</coordinates>
                        </LinearRing>
                    </outerBoundaryIs>
                </Polygon>
            </Placemark>
        </Folder>
        <Folder>
            <name>Simulación de avance</name>
            <Placemark>
                <name>Avance estimado 30 min (matorral, 18 km/h)</name>
                <styleUrl>#simulacion</styleUrl>
                <description>Proyección a 30 minutos.
Frente estimado: 383 m.
Flancos estimados: 241 m.
Modelo simplificado con propagación elíptica.
Vegetación: matorral
Viento: 18 km/h</description>
                <TimeSpan>
                    <begin>2026-09-26T12:35:00</begin>
                    <end>2026-09-26T13:05:00</end>
                </TimeSpan>
                <Polygon>
                    <tessellate>1</tessellate>
                    <outerBoundaryIs>
                        <LinearRing>
                            <coordinates>-62.40565679075677,-31.48673661862398,0 -62.405824734782044,-31.48686128526254,0 -62.4060131567345,-31.4869664498884,0 -62.40622062260933,-31.487051312135257,0 -62.406445553465936,-31.487115226150173,0 -62.406686237444696,-31.487157705508903,0 -62.4069408427952,-31.487178426917875,0 -62.40720743181699,-31.487177232674654,0 -62.407483975606645,-31.487154131868156,0 -62.40776836949894,-31.487109300309466,0 -62.408058449084635,-31.48704307919381,0 -62.408352006682925,-31.48695597250387,0 -62.40864680814324,-31.486848643174156,0 -62.40894060984846,-31.486721908045663,0 -62.40923117579019,-31.48657673164925,0 -62.40951629458618,-31.486414218864958,0 -62.40979379631024,-31.486235606513194,0 -62.41006156900667,-31.48604225394181,0 -62.410317574763575,-31.485835632680626,0 -62.41055986522257,-31.485617315242195,0 -62.41078659640695,-31.485388963154048,0 -62.41099604275551,-31.48515231431346,0 -62.41118661025506,-31.484909169761004,0 -62.41135684857186,-31.48466137997353,0 -62.41150546208954,-31.484410830780952,0 -62.41163131976949,-31.4841594290139,0 -62.411733463758765,-31.48390908799163,0 -62.411811116679935,-31.483661712960476,0 -62.411863687547374,-31.483419186593796,0 -62.41189077626505,-31.483183354663684,0 -62.41189217667145,-31.482956011993526,0 -62.41186787810865,-31.482738888798313,0 -62.41181806550338,-31.482533637516667,0 -62.411743117959645,-31.482341820234772,0 -62.4116436058735,-31.48216489679797,0 -62.411520286592015,-31.482004213700435,0 -62.41137409864938,-31.48186099383757,0 -62.41120615462411,-31.481736327199012,0 -62.41101773267165,-31.48163116257315,0 -62.41081026679682,-31.481546300326293,0 -62.41058533594022,-31.481482386311377,0 -62.41034465196146,-31.481439906952648,0 -62.410090046610954,-31.481419185543675,0 -62.40982345758916,-31.481420379786897,0 -62.40954691379951,-31.481443480593395,0 -62.409262519907216,-31.481488312152084,0 -62.40897244032152,-31.48155453326774,0 -62.40867888272323,-31.48164163995768,0 -62.408384081262916,-31.481748969287395,0 -62.4080902795577,-31.481875704415888,0 -62.407799713615965,-31.4820208808123,0 -62.40751459481997,-31.482183393596593,0 -62.407237093095915,-31.482362005948357,0 -62.40696932039948,-31.48255535851974,0 -62.40671331464258,-31.482761979780925,0 -62.40647102418359,-31.482980297219356,0 -62.406244292999205,-31.483208649307503,0 -62.40603484665065,-31.48344529814809,0 -62.4058442791511,-31.483688442700547,0 -62.40567404083429,-31.48393623248802,0 -62.40552542731661,-31.4841867816806,0 -62.405399569636664,-31.48443818344765,0 -62.40529742564739,-31.48468852446992,0 -62.40521977272622,-31.484935899501075,0 -62.40516720185878,-31.485178425867755,0 -62.40514011314111,-31.485414257797867,0 -62.405138712734704,-31.485641600468025,0 -62.4051630112975,-31.485858723663238,0 -62.40521282390277,-31.486063974944884,0 -62.40528777144651,-31.48625579222678,0 -62.405387283532654,-31.486432715663582,0 -62.40551060281414,-31.486593398761116,0 -62.40565679075677,-31.48673661862398,0</coordinates>
                        </LinearRing>
                    </outerBoundaryIs>
                </Polygon>
            </Placemark>
            <Placemark>
                <name>Avance estimado 60 min (matorral, 22 km/h)</name>
                <styleUrl>#simulacion</styleUrl>
                <description>Proyección a 60 minutos.
Frente estimado: 1020 m.
Flancos estimados: 638 m.
Modelo simplificado con propagación elíptica.
Vegetación: matorral
Viento: 22 km/h</description>
                <TimeSpan>
                    <begin>2026-09-26T12:35:00</begin>
                    <end>2026-09-26T13:35:00</end>
                </TimeSpan>
                <Polygon>
                    <tessellate>1</tessellate>
                    <outerBoundaryIs>
                        <LinearRing>
                            <coordinates>-62.398039582853734,-31.489271168208646,0 -62.398368235950414,-31.48968680743435,0 -62.39876527239455,-31.49006438317642,0 -62.39922767049908,-31.49040102185548,0 -62.39975191113521,-31.490694161447905,0 -62.400334004515166,-31.490941570984404,0 -62.40096952055684,-31.491141367529007,0 -62.40165362259943,-31.491292030509374,0 -62.40238110421331,-31.49139241328925,0 -62.403146428824144,-31.491441751895064,0 -62.40394377184951,-31.49143967083024,0 -62.404767065027556,-31.49138618593293,0 -62.40561004260007,-31.49128170425551,0 -62.406466288998715,-31.491127020966623,0 -62.40732928767139,-31.490923313299497,0 -62.4081924706771,-31.490672131592486,0 -62.409049268671964,-31.490375387490047,0 -62.40989316090591,-31.490035339393977,0 -62.410717724849455,-31.489654575275615,0 -62.411516685073124,-31.489235992979815,0 -62.412283961007184,-31.488782778170588,0 -62.413013713218476,-31.4882983800863,0 -62.41370038785204,-31.48778648528885,0 -62.41433875889929,-31.48725098960675,0 -62.4149239679711,-31.48669596848547,0 -62.41545156127307,-31.48612564597088,0 -62.415917523501605,-31.485544362561683,0 -62.41631830840279,-31.484956542175617,0 -62.41665086576153,-31.48436665848075,0 -62.41691266461551,-31.48377920084818,0 -62.417101712517386,-31.483198640185215,0 -62.417216570698464,-31.482629394909043,0 -62.41725636501864,-31.482075797319947,0 -62.417220792619105,-31.48154206062984,0 -62.4171101242273,-31.481032246897218,0 -62.41692520209651,-31.48055023611242,0 -62.41666743359581,-31.480099696668567,0 -62.41633878049913,-31.479684057442864,0 -62.415941744055,-31.479306481700792,0 -62.415479345950466,-31.478969843021734,0 -62.414955105314334,-31.478676703429308,0 -62.41437301193438,-31.47842929389281,0 -62.413737495892704,-31.478229497348206,0 -62.41305339385011,-31.47807883436784,0 -62.412325912236234,-31.477978451587962,0 -62.4115605876254,-31.47792911298215,0 -62.410763244600034,-31.477931194046974,0 -62.40993995142199,-31.47798467894428,0 -62.40909697384948,-31.478089160621703,0 -62.40824072745083,-31.47824384391059,0 -62.40737772877816,-31.478447551577716,0 -62.406514545772446,-31.478698733284727,0 -62.40565774777758,-31.478995477387166,0 -62.40481385554364,-31.479335525483236,0 -62.40398929160009,-31.479716289601598,0 -62.40319033137642,-31.4801348718974,0 -62.40242305544236,-31.480588086706625,0 -62.40169330323107,-31.481072484790914,0 -62.40100662859751,-31.481584379588362,0 -62.400368257550255,-31.482119875270463,0 -62.39978304847845,-31.482674896391742,0 -62.39925545517647,-31.483245218906333,0 -62.39878949294794,-31.48382650231553,0 -62.39838870804675,-31.484414322701596,0 -62.398056150688014,-31.485004206396464,0 -62.39779435183404,-31.485591664029034,0 -62.39760530393216,-31.486172224691998,0 -62.39749044575108,-31.48674146996817,0 -62.39745065143091,-31.487295067557266,0 -62.39748622383044,-31.48782880424737,0 -62.397596892222246,-31.488338617979995,0 -62.39778181435304,-31.488820628764792,0 -62.398039582853734,-31.489271168208646,0</coordinates>
                        </LinearRing>
                    </outerBoundaryIs>
                </Polygon>
            </Placemark>
            <Placemark>
                <name>Avance estimado 120 min (bosque, 28 km/h)</name>
                <styleUrl>#simulacion</styleUrl>
                <description>Proyección a 120 minutos.
Frente estimado: 2133 m.
Flancos estimados: 1333 m.
Modelo simplificado con propagación elíptica.
Vegetación: bosque
Viento: 28 km/h</description>
                <TimeSpan>
                    <begin>2026-09-26T12:35:00</begin>
                    <end>2026-09-26T14:35:00</end>
                </TimeSpan>
                <Polygon>
                    <tessellate>1</tessellate>
                    <outerBoundaryIs>
                        <LinearRing>
                            <coordinates>-62.383416078542446,-31.48971282779229,0 -62.38381550698274,-31.490702294139652,0 -62.38437709696547,-31.49164648127648,0 -62.38509657445177,-31.49253820336854,0 -62.38596846378353,-31.49337067387227,0 -62.38698612935648,-31.494137557184487,0 -62.38814182612112,-31.494833016860124,0 -62.38942675852725,-31.49545176003112,0 -62.390831147463395,-31.495989077688336,0 -62.39234430468176,-31.496440880519955,0 -62.393954714142225,-31.49680373003363,0 -62.39565011965643,-31.497074864725462,0 -62.39741761816468,-31.497252221096733,0 -62.39924375793609,-31.497334449358366,0 -62.40111464094435,-31.49732092370364,0 -62.40301602864009,-31.497211747070953,0 -62.40493345031486,-31.497007750360403,0 -62.40685231323194,-31.496710486110135,0 -62.40875801368589,-31.496322216680586,0 -62.41063604814557,-31.495845897036556,0 -62.41247212363474,-31.495285152258152,0 -62.41425226651029,-31.494644249951715,0 -62.415962928810046,-31.493928067770796,0 -62.41759109136099,-31.493142056294225,0 -62.41912436286299,-31.492292197543946,0 -62.4205510741941,-31.491384959458212,0 -62.42186036721963,-31.490427246666663,0 -62.423042277429076,-31.489426347941915,0 -62.42408780977208,-31.488389880727635,0 -62.42498900711621,-31.487325733165147,0 -62.42573901080552,-31.486242004059964,0 -62.426332112859065,-31.48514694124494,0 -62.4267637994121,-31.48404887880932,0 -62.427030785069284,-31.482956173671262,0 -62.42713103790857,-31.481877141976668,0 -62.42706379494531,-31.480819995808265,0 -62.42682956793906,-31.479792780686715,0 -62.42643013949876,-31.478803314339352,0 -62.42586854951603,-31.477859127202525,0 -62.42514907202973,-31.476967405110464,0 -62.42427718269798,-31.476134934606733,0 -62.423259517125025,-31.475368051294517,0 -62.422103820360384,-31.47467259161888,0 -62.420818887954255,-31.474053848447884,0 -62.41941449901811,-31.47351653079067,0 -62.41790134179975,-31.47306472795905,0 -62.41629093233928,-31.472701878445374,0 -62.414595526825075,-31.47243074375354,0 -62.412828028316824,-31.47225338738227,0 -62.411001888545414,-31.472171159120638,0 -62.409131005537155,-31.472184684775364,0 -62.407229617841416,-31.47229386140805,0 -62.40531219616665,-31.4724978581186,0 -62.40339333324957,-31.47279512236887,0 -62.401487632795615,-31.47318339179842,0 -62.399609598335935,-31.473659711442448,0 -62.39777352284676,-31.474220456220852,0 -62.395993379971216,-31.47486135852729,0 -62.39428271767146,-31.47557754070821,0 -62.392654555120515,-31.47636355218478,0 -62.39112128361852,-31.477213410935057,0 -62.389694572287404,-31.47812064902079,0 -62.388385279261875,-31.47907836181234,0 -62.38720336905243,-31.48007926053709,0 -62.38615783670942,-31.48111572775137,0 -62.385256639365295,-31.482179875313857,0 -62.38450663567598,-31.48326360441904,0 -62.38391353362244,-31.484358667234066,0 -62.383481847069405,-31.485456729669686,0 -62.38321486141222,-31.486549434807742,0 -62.38311460857293,-31.487628466502336,0 -62.38318185153619,-31.48868561267074,0 -62.383416078542446,-31.48971282779229,0</coordinates>
                        </LinearRing>
                    </outerBoundaryIs>
                </Polygon>
            </Placemark>
            <Placemark>
                <name>Avance estimado 180 min (bosque, 34 km/h)</name>
                <styleUrl>#simulacion</styleUrl>
                <description>Proyección a 180 minutos.
Frente estimado: 3200 m.
Flancos estimados: 2000 m.
Modelo simplificado con propagación elíptica.
Vegetación: bosque
Viento: 34 km/h</description>
                <TimeSpan>
                    <begin>2026-09-26T12:35:00</begin>
                    <end>2026-09-26T15:35:00</end>
                </TimeSpan>
                <Polygon>
                    <tessellate>1</tessellate>
                    <outerBoundaryIs>
                        <LinearRing>
                            <coordinates>-62.36940529497486,-31.486816356360148,0 -62.369693112054385,-31.48836673072776,0 -62.370234304903526,-31.48988623830436,0 -62.37102475471793,-31.491363314719795,0 -62.37205844569721,-31.492786718530652,0 -62.37332751082887,-31.494145616774457,0 -62.37482229176097,-31.49542966741505,0 -62.37653141230803,-31.496629098051727,0 -62.37844186503071,-31.497734780293104,0 -62.380539110230224,-31.4987382992297,0 -62.38280718660424,-31.49963201747646,0 -62.385228832722056,-31.500409133297886,0 -62.387785618394496,-31.501063732373346,0 -62.39045808493875,-31.501590832808613,0 -62.393225893270746,-31.501986423051104,0 -62.39606797869782,-31.50224749242021,0 -62.39896271123378,-31.502372054020395,0 -62.40188806021614,-31.502359159862667,0 -62.40482176197277,-31.502208908079353,0 -62.40774148926188,-31.50192244217725,0 -62.41062502119583,-31.501501942334844,0 -62.413450412355466,-31.50095060880984,0 -62.41619615980805,-31.500272637583272,0 -62.41884136675755,-31.49947318842554,0 -62.42136590158185,-31.49855834562746,0 -62.42375055104658,-31.49753507169511,0 -62.42597716652943,-31.496411154361,0 -62.4280288021421,-31.495195147314675,0 -62.42988984369878,-31.493896305104002,0 -62.43154612754948,-31.49252451270247,0 -62.432985048374015,-31.49109021027856,0 -62.43419565511606,-31.489604313739783,0 -62.43516873432733,-31.488078131656,0 -62.43589688028746,-31.486523279194405,0 -62.43637455136603,-31.484951589721074,0 -62.43659811219771,-31.483375024741914,0 -62.43656586134957,-31.481805582868372,0 -62.43627804427005,-31.48025520850076,0 -62.435736851420906,-31.478735700924158,0 -62.4349464016065,-31.477258624508725,0 -62.43391271062722,-31.475835220697867,0 -62.43264364549556,-31.474476322454063,0 -62.43114886456346,-31.47319227181347,0 -62.4294397440164,-31.471992841176792,0 -62.42752929129372,-31.470887158935415,0 -62.42543204609421,-31.46988363999882,0 -62.42316396972019,-31.46898992175206,0 -62.420742323602376,-31.468212805930634,0 -62.418185537929936,-31.467558206855173,0 -62.41551307138568,-31.467031106419906,0 -62.41274526305369,-31.466635516177416,0 -62.40990317762661,-31.46637444680831,0 -62.40700844509065,-31.466249885208125,0 -62.404083096108295,-31.466262779365852,0 -62.40114939435166,-31.466413031149166,0 -62.39822966706255,-31.46669949705127,0 -62.395346135128605,-31.467119996893675,0 -62.392520743968966,-31.46767133041868,0 -62.38977499651638,-31.468349301645247,0 -62.387129789566885,-31.46914875080298,0 -62.38460525474258,-31.47006359360106,0 -62.38222060527785,-31.47108686753341,0 -62.379993989795004,-31.47221078486752,0 -62.37794235418233,-31.473426791913845,0 -62.37608131262565,-31.474725634124518,0 -62.37442502877495,-31.47609742652605,0 -62.37298610795042,-31.47753172894996,0 -62.37177550120837,-31.479017625488737,0 -62.370802421997105,-31.48054380757252,0 -62.37007427603697,-31.482098660034115,0 -62.3695966049584,-31.483670349507445,0 -62.369373044126725,-31.485246914486606,0 -62.36940529497486,-31.486816356360148,0</coordinates>
                        </LinearRing>
                    </outerBoundaryIs>
                </Polygon>
            </Placemark>
            <Placemark>
                <name>Avance estimado 360 min (pinar, 39 km/h)</name>
                <styleUrl>#simulacion</styleUrl>
                <description>Proyección a 360 minutos.
Frente estimado: 6400 m.
Flancos estimados: 4000 m.
Modelo simplificado con propagación elíptica.
Vegetación: pinar
Viento: 39 km/h</description>
                <TimeSpan>
                    <begin>2026-09-26T12:35:00</begin>
                    <end>2026-09-26T18:35:00</end>
                </TimeSpan>
                <Polygon>
                    <tessellate>1</tessellate>
                    <outerBoundaryIs>
                        <LinearRing>
                            <coordinates>-62.329478195047145,-31.48386,0 -62.32973473626341,-31.48699173343236,0 -62.33050240747864,-31.49009963248231,0 -62.331775366251364,-31.493160044161474,0 -62.33354392459668,-31.496149676889047,0 -62.33579462271771,-31.499045777754787,0 -62.33851033144272,-31.50182630568239,0 -62.34167038258854,-31.504470099175396,0 -62.34525072625785,-31.506957037368963,0 -62.34922411387347,-31.509268193161777,0 -62.353560305556435,-31.511385977262744,0 -62.35822630026978,-31.5132942720561,0 -62.36318658697632,-31.514978554266214,0 -62.368403414899134,-31.516426005488462,0 -62.37383708082771,-31.517625609745053,0 -62.379446231283396,-31.51856823732325,0 -62.38518817724433,-31.51924671425801,0 -62.39101921903467,-31.519655876930187,0 -62.3968949789055,-31.51979261136478,0 -62.40277073877633,-31.519655876930187,0 -62.40860178056667,-31.51924671425801,0 -62.414343726527605,-31.51856823732325,0 -62.41995287698329,-31.517625609745053,0 -62.425386542911866,-31.516426005488462,0 -62.43060337083468,-31.514978554266214,0 -62.43556365754122,-31.5132942720561,0 -62.440229652254565,-31.511385977262744,0 -62.44456584393753,-31.509268193161777,0 -62.44853923155315,-31.506957037368963,0 -62.45211957522246,-31.504470099175396,0 -62.45527962636828,-31.50182630568239,0 -62.457995335093294,-31.499045777754787,0 -62.46024603321432,-31.496149676889047,0 -62.46201459155964,-31.493160044161474,0 -62.46328755033236,-31.49009963248231,0 -62.46405522154759,-31.48699173343236,0 -62.464311762763856,-31.48386,0 -62.46405522154759,-31.48072826656764,0 -62.46328755033236,-31.47762036751769,0 -62.46201459155964,-31.474559955838526,0 -62.46024603321432,-31.471570323110953,0 -62.457995335093294,-31.468674222245212,0 -62.45527962636828,-31.46589369431761,0 -62.45211957522246,-31.463249900824604,0 -62.44853923155315,-31.460762962631037,0 -62.44456584393753,-31.458451806838223,0 -62.440229652254565,-31.456334022737256,0 -62.43556365754122,-31.4544257279439,0 -62.43060337083468,-31.452741445733785,0 -62.425386542911866,-31.451293994511538,0 -62.41995287698329,-31.450094390254947,0 -62.414343726527605,-31.44915176267675,0 -62.40860178056667,-31.44847328574199,0 -62.40277073877633,-31.448064123069813,0 -62.3968949789055,-31.447927388635218,0 -62.39101921903467,-31.448064123069813,0 -62.38518817724433,-31.44847328574199,0 -62.379446231283396,-31.44915176267675,0 -62.37383708082771,-31.450094390254947,0 -62.368403414899134,-31.451293994511538,0 -62.363186586976326,-31.452741445733785,0 -62.35822630026978,-31.4544257279439,0 -62.353560305556435,-31.456334022737256,0 -62.34922411387347,-31.458451806838223,0 -62.34525072625785,-31.460762962631037,0 -62.34167038258854,-31.463249900824604,0 -62.33851033144272,-31.46589369431761,0 -62.33579462271771,-31.468674222245212,0 -62.33354392459668,-31.471570323110953,0 -62.331775366251364,-31.474559955838526,0 -62.33050240747864,-31.47762036751769,0 -62.32973473626341,-31.48072826656764,0 -62.329478195047145,-31.48386,0</coordinates>
                        </LinearRing>
                    </outerBoundaryIs>
                </Polygon>
            </Placemark>
        </Folder>
        <Folder>
            <name>Dirección del viento</name>
            <Placemark>
                <name>Dirección del viento</name>
                <styleUrl>#viento</styleUrl>
                <LineString>
                    <tessellate>1</tessellate>
                    <coordinates>-62.40903,-31.48386,0 -62.40903,-31.438944235794025,0 -62.409897716465,-31.437111848252982,0 -62.40903,-31.438944235794025,0 -62.408162283535006,-31.437111848252982,0</coordinates>
                </LineString>
            </Placemark>
        </Folder>
        <Folder>
            <name>Carrera primaria del incendio</name>
            <Placemark>
                <name>Carrera primaria 1</name>
                <styleUrl>#carrera_primaria</styleUrl>
                <LineString>
                    <tessellate>1</tessellate>
                    <coordinates>-62.40903,-31.48386,0 -62.40903,-31.434452659373427,0</coordinates>
                </LineString>
            </Placemark>
            <Placemark>
                <name>Carrera primaria 2</name>
                <styleUrl>#carrera_primaria</styleUrl>
                <LineString>
                    <tessellate>1</tessellate>
                    <coordinates>-62.40903,-31.48386,0 -62.42402501748774,-31.43613617368053,0</coordinates>
                </LineString>
            </Placemark>
            <Placemark>
                <name>Carrera primaria 3</name>
                <styleUrl>#carrera_primaria</styleUrl>
                <LineString>
                    <tessellate>1</tessellate>
                    <coordinates>-62.40903,-31.48386,0 -62.39403498251226,-31.43613617368053,0</coordinates>
                </LineString>
            </Placemark>
            <Placemark>
                <name>Boulevard 9 de Julio</name>
                <styleUrl>#ruta</styleUrl>
                <LineString>
                    <tessellate>1</tessellate>
                    <coordinates>-62.3131512,-31.4074257,0 -62.312851,-31.4075333,0 -62.3126721,-31.407591,0 -62.3125612,-31.4076152,0 -62.3124417,-31.4076248,0 -62.312203,-31.4076274,0 -62.311704,-31.4076328,0</coordinates>
                </LineString>
            </Placemark>
            <Placemark>
                <name>Boulevard 9 de Julio Ruta Nacional 19</name>
                <styleUrl>#ruta</styleUrl>
                <LineString>
                    <tessellate>1</tessellate>
                    <coordinates>-62.3131512,-31.4074257,0 -62.3136503,-31.4072824,0 -62.3138096,-31.4072468,0 -62.3139329,-31.4072358,0 -62.3145186,-31.4072327,0 -62.3152478,-31.4072243,0</coordinates>
                </LineString>
            </Placemark>
            <Placemark>
                <name>Ruta Nacional 19</name>
                <styleUrl>#ruta</styleUrl>
                <LineString>
                    <tessellate>1</tessellate>
                    <coordinates>-62.4065115,-31.4061456,0 -62.4072163,-31.4061475,0</coordinates>
                </LineString>
            </Placemark>
            <Placemark>
                <name>Ruta Nacional 19</name>
                <styleUrl>#ruta</styleUrl>
                <LineString>
                    <tessellate>1</tessellate>
                    <coordinates>-62.4065115,-31.4061456,0 -62.4057291,-31.4061309,0 -62.4051009,-31.4061342,0 -62.4000371,-31.4061762,0 -62.3986202,-31.4061942,0</coordinates>
                </LineString>
            </Placemark>
            <Placemark>
                <name>Boulevard 9 de Julio</name>
                <styleUrl>#ruta</styleUrl>
                <LineString>
                    <tessellate>1</tessellate>
                    <coordinates>-62.311704,-31.4076328,0 -62.3106432,-31.4076455,0</coordinates>
                </LineString>
            </Placemark>
            <Placemark>
                <name>Boulevard 9 de Julio</name>
                <styleUrl>#ruta</styleUrl>
                <LineString>
                    <tessellate>1</tessellate>
                    <coordinates>-62.311704,-31.4076328,0 -62.312203,-31.4076274,0 -62.3124417,-31.4076248,0 -62.3125612,-31.4076152,0 -62.3126721,-31.407591,0 -62.312851,-31.4075333,0 -62.3131512,-31.4074257,0</coordinates>
                </LineString>
            </Placemark>
            <Placemark>
                <name>Boulevard 9 de Julio</name>
                <styleUrl>#ruta</styleUrl>
                <LineString>
                    <tessellate>1</tessellate>
                    <coordinates>-62.3106432,-31.4076455,0 -62.3095768,-31.4076582,0</coordinates>
                </LineString>
            </Placemark>
            <Placemark>
                <name>Boulevard 9 de Julio</name>
                <styleUrl>#ruta</styleUrl>
                <LineString>
                    <tessellate>1</tessellate>
                    <coordinates>-62.3106432,-31.4076455,0 -62.311704,-31.4076328,0</coordinates>
                </LineString>
            </Placemark>
            <Placemark>
                <name>Boulevard 9 de Julio</name>
                <styleUrl>#ruta</styleUrl>
                <LineString>
                    <tessellate>1</tessellate>
                    <coordinates>-62.3095768,-31.4076582,0 -62.3091036,-31.4076654,0</coordinates>
                </LineString>
            </Placemark>
            <Placemark>
                <name>Boulevard 9 de Julio</name>
                <styleUrl>#ruta</styleUrl>
                <LineString>
                    <tessellate>1</tessellate>
                    <coordinates>-62.3095768,-31.4076582,0 -62.3106432,-31.4076455,0</coordinates>
                </LineString>
            </Placemark>
            <Placemark>
                <name>Boulevard 9 de Julio</name>
                <styleUrl>#ruta</styleUrl>
                <LineString>
                    <tessellate>1</tessellate>
                    <coordinates>-62.3085396,-31.4076706,0 -62.3074921,-31.4076784,0</coordinates>
                </LineString>
            </Placemark>
            <Placemark>
                <name>Boulevard 9 de Julio</name>
                <styleUrl>#ruta</styleUrl>
                <LineString>
                    <tessellate>1</tessellate>
                    <coordinates>-62.3085396,-31.4076706,0 -62.3088547,-31.4076668,0</coordinates>
                </LineString>
            </Placemark>
            <Placemark>
                <name>Boulevard 9 de Julio</name>
                <styleUrl>#ruta</styleUrl>
                <LineString>
                    <tessellate>1</tessellate>
                    <coordinates>-62.3074921,-31.4076784,0 -62.3067827,-31.40769,0</coordinates>
                </LineString>
            </Placemark>
            <Placemark>
                <name>Boulevard 9 de Julio</name>
                <styleUrl>#ruta</styleUrl>
                <LineString>
                    <tessellate>1</tessellate>
                    <coordinates>-62.3074921,-31.4076784,0 -62.3085396,-31.4076706,0</coordinates>
                </LineString>
            </Placemark>
            <Placemark>
                <name>Boulevard 9 de Julio</name>
                <styleUrl>#ruta</styleUrl>
                <LineString>
                    <tessellate>1</tessellate>
                    <coordinates>-62.306327,-31.407697,0 -62.3053876,-31.4077083,0</coordinates>
                </LineString>
            </Placemark>
            <Placemark>
                <name>Boulevard 9 de Julio</name>
                <styleUrl>#ruta</styleUrl>
                <LineString>
                    <tessellate>1</tessellate>
                    <coordinates>-62.306327,-31.407697,0 -62.3064235,-31.4076959,0</coordinates>
                </LineString>
            </Placemark>
            <Placemark>
                <name>Boulevard 9 de Julio</name>
                <styleUrl>#ruta</styleUrl>
                <LineString>
                    <tessellate>1</tessellate>
                    <coordinates>-62.3052187,-31.4077103,0 -62.3041423,-31.4077231,0</coordinates>
                </LineString>
            </Placemark>
            <Placemark>
                <name>Boulevard 9 de Julio</name>
                <styleUrl>#ruta</styleUrl>
                <LineString>
                    <tessellate>1</tessellate>
                    <coordinates>-62.3052187,-31.4077103,0 -62.3053876,-31.4077083,0</coordinates>
                </LineString>
            </Placemark>
            <Placemark>
                <name>Boulevard 9 de Julio</name>
                <styleUrl>#ruta</styleUrl>
                <LineString>
                    <tessellate>1</tessellate>
                    <coordinates>-62.3041423,-31.4077231,0 -62.3052187,-31.4077103,0</coordinates>
                </LineString>
            </Placemark>
            <Placemark>
                <name>Boulevard 9 de Julio</name>
                <styleUrl>#ruta</styleUrl>
                <LineString>
                    <tessellate>1</tessellate>
                    <coordinates>-62.3091036,-31.4076654,0 -62.3088547,-31.4076668,0</coordinates>
                </LineString>
            </Placemark>
            <Placemark>
                <name>Boulevard 9 de Julio</name>
                <styleUrl>#ruta</styleUrl>
                <LineString>
                    <tessellate>1</tessellate>
                    <coordinates>-62.3091036,-31.4076654,0 -62.3095768,-31.4076582,0</coordinates>
                </LineString>
            </Placemark>
            <Placemark>
                <name>Ruta Nacional 19</name>
                <styleUrl>#ruta</styleUrl>
                <LineString>
                    <tessellate>1</tessellate>
                    <coordinates>-62.3948738,-31.4062788,0 -62.3986202,-31.4061942,0</coordinates>
                </LineString>
            </Placemark>
            <Placemark>
                <name>Ruta Nacional 19</name>
                <styleUrl>#ruta</styleUrl>
                <LineString>
                    <tessellate>1</tessellate>
                    <coordinates>-62.3948738,-31.4062788,0 -62.3906535,-31.4063207,0 -62.3834863,-31.406408,0</coordinates>
                </LineString>
            </Placemark>
            <Placemark>
                <name>Boulevard 9 de Julio</name>
                <styleUrl>#ruta</styleUrl>
                <LineString>
                    <tessellate>1</tessellate>
                    <coordinates>-62.3088547,-31.4076668,0 -62.3085396,-31.4076706,0</coordinates>
                </LineString>
            </Placemark>
            <Placemark>
                <name>Boulevard 9 de Julio</name>
                <styleUrl>#ruta</styleUrl>
                <LineString>
                    <tessellate>1</tessellate>
                    <coordinates>-62.3088547,-31.4076668,0 -62.3091036,-31.4076654,0</coordinates>
                </LineString>
            </Placemark>
            <Placemark>
                <name>Ruta Nacional 19</name>
                <styleUrl>#ruta</styleUrl>
                <LineString>
                    <tessellate>1</tessellate>
                    <coordinates>-62.3308005,-31.4070071,0 -62.3246255,-31.4070907,0</coordinates>
                </LineString>
            </Placemark>
            <Placemark>
                <name>Ruta Nacional 19</name>
                <styleUrl>#ruta</styleUrl>
                <LineString>
                    <tessellate>1</tessellate>
                    <coordinates>-62.3308005,-31.4070071,0 -62.3436468,-31.4068703,0</coordinates>
                </LineString>
            </Placemark>
            <Placemark>
                <name>Ruta Nacional 19</name>
                <styleUrl>#ruta</styleUrl>
                <LineString>
                    <tessellate>1</tessellate>
                    <coordinates>-62.3152478,-31.4072243,0 -62.3181384,-31.4071911,0</coordinates>
                </LineString>
            </Placemark>
            <Placemark>
                <name>Ruta Nacional 19 Boulevard 9 de Julio</name>
                <styleUrl>#ruta</styleUrl>
                <LineString>
                    <tessellate>1</tessellate>
                    <coordinates>-62.3152478,-31.4072243,0 -62.3145186,-31.4072327,0 -62.3139329,-31.4072358,0 -62.3138096,-31.4072468,0 -62.3136503,-31.4072824,0 -62.3131512,-31.4074257,0</coordinates>
                </LineString>
            </Placemark>
            <Placemark>
                <name>Ruta Nacional 19</name>
                <styleUrl>#ruta</styleUrl>
                <LineString>
                    <tessellate>1</tessellate>
                    <coordinates>-62.4908651,-31.4053033,0 -62.4915996,-31.4054288,0 -62.4921924,-31.4055512,0 -62.4926161,-31.4056742,0 -62.4936086,-31.4059702,0 -62.4948209,-31.4064418,0 -62.4953892,-31.4067197,0 -62.4959582,-31.4070166,0 -62.4969763,-31.4076776,0 -62.4978626,-31.4083601,0 -62.4982357,-31.4086886,0 -62.4986394,-31.4090694,0 -62.4990921,-31.409559,0 -62.499555,-31.4101095,0 -62.5004124,-31.4111139,0 -62.5009217,-31.4117205,0</coordinates>
                </LineString>
            </Placemark>
            <Placemark>
                <name>Ruta Nacional 19</name>
                <styleUrl>#ruta</styleUrl>
                <LineString>
                    <tessellate>1</tessellate>
                    <coordinates>-62.4072163,-31.4061475,0 -62.4065115,-31.4061456,0</coordinates>
                </LineString>
            </Placemark>
            <Placemark>
                <name>Ruta Nacional 19</name>
                <styleUrl>#ruta</styleUrl>
                <LineString>
                    <tessellate>1</tessellate>
                    <coordinates>-62.4072163,-31.4061475,0 -62.4131638,-31.4062174,0 -62.4167687,-31.4062724,0 -62.4272077,-31.4062403,0 -62.4274484,-31.4062435,0 -62.4566533,-31.4060273,0 -62.4568956,-31.4060293,0 -62.4696884,-31.4059325,0</coordinates>
                </LineString>
            </Placemark>
            <Placemark>
                <name>Ruta Nacional 19</name>
                <styleUrl>#ruta</styleUrl>
                <LineString>
                    <tessellate>1</tessellate>
                    <coordinates>-62.3181384,-31.4071911,0 -62.3152478,-31.4072243,0</coordinates>
                </LineString>
            </Placemark>
            <Placemark>
                <name>Ruta Nacional 19</name>
                <styleUrl>#ruta</styleUrl>
                <LineString>
                    <tessellate>1</tessellate>
                    <coordinates>-62.3181384,-31.4071911,0 -62.3230738,-31.4071102,0 -62.3246255,-31.4070907,0</coordinates>
                </LineString>
            </Placemark>
            <Placemark>
                <name>Ruta Nacional 19</name>
                <styleUrl>#ruta</styleUrl>
                <LineString>
                    <tessellate>1</tessellate>
                    <coordinates>-62.3693734,-31.40658,0 -62.3693021,-31.4065807,0</coordinates>
                </LineString>
            </Placemark>
            <Placemark>
                <name>Ruta Nacional 19</name>
                <styleUrl>#ruta</styleUrl>
                <LineString>
                    <tessellate>1</tessellate>
                    <coordinates>-62.3693734,-31.40658,0 -62.3834863,-31.406408,0</coordinates>
                </LineString>
            </Placemark>
            <Placemark>
                <name>Ruta Nacional 19</name>
                <styleUrl>#ruta</styleUrl>
                <LineString>
                    <tessellate>1</tessellate>
                    <coordinates>-62.5076691,-31.4048578,0 -62.5063954,-31.4049016,0 -62.4977208,-31.4052836,0</coordinates>
                </LineString>
            </Placemark>
            <Placemark>
                <name>Ruta Nacional 19</name>
                <styleUrl>#ruta</styleUrl>
                <LineString>
                    <tessellate>1</tessellate>
                    <coordinates>-62.3436468,-31.4068703,0 -62.3308005,-31.4070071,0</coordinates>
                </LineString>
            </Placemark>
            <Placemark>
                <name>Ruta Nacional 19</name>
                <styleUrl>#ruta</styleUrl>
                <LineString>
                    <tessellate>1</tessellate>
                    <coordinates>-62.3436468,-31.4068703,0 -62.3598945,-31.4066787,0</coordinates>
                </LineString>
            </Placemark>
            <Placemark>
                <name>Ruta Nacional 19</name>
                <styleUrl>#ruta</styleUrl>
                <LineString>
                    <tessellate>1</tessellate>
                    <coordinates>-62.5035939,-31.415601,0 -62.5022638,-31.4139584,0 -62.502092,-31.4137448,0 -62.50051,-31.4118295,0</coordinates>
                </LineString>
            </Placemark>
            <Placemark>
                <name>Ruta Nacional 19</name>
                <styleUrl>#ruta</styleUrl>
                <LineString>
                    <tessellate>1</tessellate>
                    <coordinates>-62.3986202,-31.4061942,0 -62.3948738,-31.4062788,0</coordinates>
                </LineString>
            </Placemark>
            <Placemark>
                <name>Ruta Nacional 19</name>
                <styleUrl>#ruta</styleUrl>
                <LineString>
                    <tessellate>1</tessellate>
                    <coordinates>-62.3986202,-31.4061942,0 -62.4000371,-31.4061762,0 -62.4051009,-31.4061342,0 -62.4057291,-31.4061309,0 -62.4065115,-31.4061456,0</coordinates>
                </LineString>
            </Placemark>
            <Placemark>
                <name>Boulevard 9 de Julio</name>
                <styleUrl>#ruta</styleUrl>
                <LineString>
                    <tessellate>1</tessellate>
                    <coordinates>-62.3064235,-31.4076959,0 -62.306327,-31.407697,0</coordinates>
                </LineString>
            </Placemark>
            <Placemark>
                <name>Boulevard 9 de Julio</name>
                <styleUrl>#ruta</styleUrl>
                <LineString>
                    <tessellate>1</tessellate>
                    <coordinates>-62.3064235,-31.4076959,0 -62.306627,-31.4076926,0 -62.3067827,-31.40769,0</coordinates>
                </LineString>
            </Placemark>
            <Placemark>
                <name>Boulevard 9 de Julio</name>
                <styleUrl>#ruta</styleUrl>
                <LineString>
                    <tessellate>1</tessellate>
                    <coordinates>-62.3053876,-31.4077083,0 -62.3052187,-31.4077103,0</coordinates>
                </LineString>
            </Placemark>
            <Placemark>
                <name>Boulevard 9 de Julio</name>
                <styleUrl>#ruta</styleUrl>
                <LineString>
                    <tessellate>1</tessellate>
                    <coordinates>-62.3053876,-31.4077083,0 -62.306327,-31.407697,0</coordinates>
                </LineString>
            </Placemark>
            <Placemark>
                <name>Ruta Nacional 19</name>
                <styleUrl>#ruta</styleUrl>
                <LineString>
                    <tessellate>1</tessellate>
                    <coordinates>-62.3693021,-31.4065807,0 -62.3598945,-31.4066787,0</coordinates>
                </LineString>
            </Placemark>
            <Placemark>
                <name>Ruta Nacional 19</name>
                <styleUrl>#ruta</styleUrl>
                <LineString>
                    <tessellate>1</tessellate>
                    <coordinates>-62.3693021,-31.4065807,0 -62.3693734,-31.40658,0</coordinates>
                </LineString>
            </Placemark>
            <Placemark>
                <name>Ruta Nacional 19</name>
                <styleUrl>#ruta</styleUrl>
                <LineString>
                    <tessellate>1</tessellate>
                    <coordinates>-62.3246255,-31.4070907,0 -62.3308005,-31.4070071,0</coordinates>
                </LineString>
            </Placemark>
            <Placemark>
                <name>Ruta Nacional 19</name>
                <styleUrl>#ruta</styleUrl>
                <LineString>
                    <tessellate>1</tessellate>
                    <coordinates>-62.3246255,-31.4070907,0 -62.3230738,-31.4071102,0 -62.3181384,-31.4071911,0</coordinates>
                </LineString>
            </Placemark>
            <Placemark>
                <name>Ruta Nacional 19</name>
                <styleUrl>#ruta</styleUrl>
                <LineString>
                    <tessellate>1</tessellate>
                    <coordinates>-62.4696884,-31.4059325,0 -62.4774959,-31.405762,0</coordinates>
                </LineString>
            </Placemark>
            <Placemark>
                <name>Ruta Nacional 19</name>
                <styleUrl>#ruta</styleUrl>
                <LineString>
                    <tessellate>1</tessellate>
                    <coordinates>-62.4696884,-31.4059325,0 -62.4568956,-31.4060293,0 -62.4566533,-31.4060273,0 -62.4274484,-31.4062435,0 -62.4272077,-31.4062403,0 -62.4167687,-31.4062724,0 -62.4131638,-31.4062174,0 -62.4072163,-31.4061475,0</coordinates>
                </LineString>
            </Placemark>
            <Placemark>
                <name>Ruta Nacional 19</name>
                <styleUrl>#ruta</styleUrl>
                <LineString>
                    <tessellate>1</tessellate>
                    <coordinates>-62.4774959,-31.405762,0 -62.4696884,-31.4059325,0</coordinates>
                </LineString>
            </Placemark>
            <Placemark>
                <name>Ruta Nacional 19</name>
                <styleUrl>#ruta</styleUrl>
                <LineString>
                    <tessellate>1</tessellate>
                    <coordinates>-62.4774959,-31.405762,0 -62.4804174,-31.4056982,0 -62.4805624,-31.405695,0 -62.4861671,-31.4055726,0 -62.4864281,-31.4055711,0 -62.4874385,-31.4055305,0</coordinates>
                </LineString>
            </Placemark>
            <Placemark>
                <name>Ruta Nacional 19</name>
                <styleUrl>#ruta</styleUrl>
                <LineString>
                    <tessellate>1</tessellate>
                    <coordinates>-62.5009217,-31.4117205,0 -62.5024083,-31.4135678,0 -62.5026079,-31.4137984,0 -62.5040554,-31.4155628,0</coordinates>
                </LineString>
            </Placemark>
            <Placemark>
                <name>Ruta Nacional 19</name>
                <styleUrl>#ruta</styleUrl>
                <LineString>
                    <tessellate>1</tessellate>
                    <coordinates>-62.50051,-31.4118295,0 -62.5000941,-31.4113185,0 -62.4987982,-31.4097698,0 -62.4983753,-31.409298,0 -62.4979308,-31.4088843,0 -62.497471,-31.4084837,0 -62.496836,-31.4079986,0 -62.4961628,-31.4075543,0 -62.4954164,-31.4071377,0 -62.494483,-31.4066982,0 -62.4936944,-31.4063914,0 -62.4928308,-31.4060892,0 -62.491719,-31.4058113,0 -62.4909677,-31.4056876,0 -62.4901467,-31.405596,0 -62.4892636,-31.4055189,0 -62.4886028,-31.4055102,0 -62.4881137,-31.4055161,0 -62.4874385,-31.4055305,0</coordinates>
                </LineString>
            </Placemark>
            <Placemark>
                <name>Ruta Nacional 19</name>
                <styleUrl>#ruta</styleUrl>
                <LineString>
                    <tessellate>1</tessellate>
                    <coordinates>-62.4977208,-31.4052836,0 -62.5063954,-31.4049016,0 -62.5076691,-31.4048578,0</coordinates>
                </LineString>
            </Placemark>
            <Placemark>
                <name>Ruta Nacional 19</name>
                <styleUrl>#ruta</styleUrl>
                <LineString>
                    <tessellate>1</tessellate>
                    <coordinates>-62.3834863,-31.406408,0 -62.3693734,-31.40658,0</coordinates>
                </LineString>
            </Placemark>
            <Placemark>
                <name>Ruta Nacional 19</name>
                <styleUrl>#ruta</styleUrl>
                <LineString>
                    <tessellate>1</tessellate>
                    <coordinates>-62.3834863,-31.406408,0 -62.3906535,-31.4063207,0 -62.3948738,-31.4062788,0</coordinates>
                </LineString>
            </Placemark>
            <Placemark>
                <name>Ruta Nacional 19</name>
                <styleUrl>#ruta</styleUrl>
                <LineString>
                    <tessellate>1</tessellate>
                    <coordinates>-62.4967696,-31.4053165,0 -62.4977208,-31.4052836,0</coordinates>
                </LineString>
            </Placemark>
            <Placemark>
                <name>Ruta Nacional 19</name>
                <styleUrl>#ruta</styleUrl>
                <LineString>
                    <tessellate>1</tessellate>
                    <coordinates>-62.4874385,-31.4055305,0 -62.4864281,-31.4055711,0 -62.4861671,-31.4055726,0 -62.4805624,-31.405695,0 -62.4804174,-31.4056982,0 -62.4774959,-31.405762,0</coordinates>
                </LineString>
            </Placemark>
            <Placemark>
                <name>Ruta Nacional 19</name>
                <styleUrl>#ruta</styleUrl>
                <LineString>
                    <tessellate>1</tessellate>
                    <coordinates>-62.4874385,-31.4055305,0 -62.4878796,-31.4053731,0 -62.4886094,-31.4052163,0 -62.4892812,-31.4051916,0 -62.4902403,-31.4052344,0 -62.4908651,-31.4053033,0</coordinates>
                </LineString>
            </Placemark>
            <Placemark>
                <name>Ruta Nacional 19</name>
                <styleUrl>#ruta</styleUrl>
                <LineString>
                    <tessellate>1</tessellate>
                    <coordinates>-62.3598945,-31.4066787,0 -62.3436468,-31.4068703,0</coordinates>
                </LineString>
            </Placemark>
            <Placemark>
                <name>Ruta Nacional 19</name>
                <styleUrl>#ruta</styleUrl>
                <LineString>
                    <tessellate>1</tessellate>
                    <coordinates>-62.3598945,-31.4066787,0 -62.3693021,-31.4065807,0</coordinates>
                </LineString>
            </Placemark>
            <Placemark>
                <name>Boulevard 9 de Julio</name>
                <styleUrl>#ruta</styleUrl>
                <LineString>
                    <tessellate>1</tessellate>
                    <coordinates>-62.3067827,-31.40769,0 -62.3074921,-31.4076784,0</coordinates>
                </LineString>
            </Placemark>
            <Placemark>
                <name>Boulevard 9 de Julio</name>
                <styleUrl>#ruta</styleUrl>
                <LineString>
                    <tessellate>1</tessellate>
                    <coordinates>-62.3067827,-31.40769,0 -62.306627,-31.4076926,0 -62.3064235,-31.4076959,0</coordinates>
                </LineString>
            </Placemark>
        </Folder>
        <Folder>
            <name>Carrera secundaria del incendio</name>
            <Placemark>
                <name>Carrera secundaria 1</name>
                <styleUrl>#carrera_secundaria</styleUrl>
                <LineString>
                    <tessellate>1</tessellate>
                    <coordinates>-62.40903,-31.48386,0 -62.43510000431439,-31.461627830983446,0</coordinates>
                </LineString>
            </Placemark>
            <Placemark>
                <name>Carrera secundaria 2</name>
                <styleUrl>#carrera_secundaria</styleUrl>
                <LineString>
                    <tessellate>1</tessellate>
                    <coordinates>-62.40903,-31.48386,0 -62.38295999568561,-31.461627830983446,0</coordinates>
                </LineString>
            </Placemark>
            <Placemark>
                <name>Carrera secundaria 3</name>
                <styleUrl>#carrera_secundaria</styleUrl>
                <LineString>
                    <tessellate>1</tessellate>
                    <coordinates>-62.40903,-31.48386,0 -62.44589855367254,-31.48386,0</coordinates>
                </LineString>
            </Placemark>
            <Placemark>
                <name>Carrera secundaria 4</name>
                <styleUrl>#carrera_secundaria</styleUrl>
                <LineString>
                    <tessellate>1</tessellate>
                    <coordinates>-62.40903,-31.48386,0 -62.37216144632746,-31.48386,0</coordinates>
                </LineString>
            </Placemark>
            <Placemark>
                <name />
                <styleUrl>#camino</styleUrl>
                <LineString>
                    <tessellate>1</tessellate>
                    <coordinates>-62.408279,-31.4150398,0 -62.4141394,-31.4412206,0</coordinates>
                </LineString>
            </Placemark>
            <Placemark>
                <name />
                <styleUrl>#camino</styleUrl>
                <LineString>
                    <tessellate>1</tessellate>
                    <coordinates>-62.408279,-31.4150398,0 -62.4073702,-31.4108645,0 -62.4068981,-31.4087539,0 -62.4066997,-31.4076779,0 -62.4065092,-31.4066523,0</coordinates>
                </LineString>
            </Placemark>
            <Placemark>
                <name />
                <styleUrl>#camino</styleUrl>
                <LineString>
                    <tessellate>1</tessellate>
                    <coordinates>-62.3075454,-31.4169371,0 -62.3075423,-31.4170799,0 -62.3075463,-31.4171683,0 -62.3087992,-31.4225564,0</coordinates>
                </LineString>
            </Placemark>
            <Placemark>
                <name />
                <styleUrl>#camino</styleUrl>
                <LineString>
                    <tessellate>1</tessellate>
                    <coordinates>-62.3110026,-31.4322173,0 -62.3121683,-31.4377681,0</coordinates>
                </LineString>
            </Placemark>
            <Placemark>
                <name />
                <styleUrl>#camino</styleUrl>
                <LineString>
                    <tessellate>1</tessellate>
                    <coordinates>-62.3110026,-31.4322173,0 -62.3103942,-31.4297616,0 -62.309586,-31.4261106,0</coordinates>
                </LineString>
            </Placemark>
            <Placemark>
                <name />
                <styleUrl>#camino</styleUrl>
                <LineString>
                    <tessellate>1</tessellate>
                    <coordinates>-62.3144208,-31.4486684,0 -62.3052368,-31.4502315,0</coordinates>
                </LineString>
            </Placemark>
            <Placemark>
                <name />
                <styleUrl>#camino</styleUrl>
                <LineString>
                    <tessellate>1</tessellate>
                    <coordinates>-62.3144208,-31.4486684,0 -62.3145183,-31.4486092,0 -62.3145571,-31.4485462,0 -62.31456,-31.4484682,0</coordinates>
                </LineString>
            </Placemark>
            <Placemark>
                <name />
                <styleUrl>#camino</styleUrl>
                <LineString>
                    <tessellate>1</tessellate>
                    <coordinates>-62.3052368,-31.4502315,0 -62.3144208,-31.4486684,0</coordinates>
                </LineString>
            </Placemark>
            <Placemark>
                <name />
                <styleUrl>#camino</styleUrl>
                <LineString>
                    <tessellate>1</tessellate>
                    <coordinates>-62.3052368,-31.4502315,0 -62.3056094,-31.4518424,0 -62.3076361,-31.4608235,0</coordinates>
                </LineString>
            </Placemark>
            <Placemark>
                <name />
                <styleUrl>#camino</styleUrl>
                <LineString>
                    <tessellate>1</tessellate>
                    <coordinates>-62.4331794,-31.5242362,0 -62.4298064,-31.5093701,0</coordinates>
                </LineString>
            </Placemark>
            <Placemark>
                <name />
                <styleUrl>#camino</styleUrl>
                <LineString>
                    <tessellate>1</tessellate>
                    <coordinates>-62.4331794,-31.5242362,0 -62.4116885,-31.5278689,0</coordinates>
                </LineString>
            </Placemark>
            <Placemark>
                <name />
                <styleUrl>#camino</styleUrl>
                <LineString>
                    <tessellate>1</tessellate>
                    <coordinates>-62.4116885,-31.5278689,0 -62.4331794,-31.5242362,0</coordinates>
                </LineString>
            </Placemark>
            <Placemark>
                <name />
                <styleUrl>#camino</styleUrl>
                <LineString>
                    <tessellate>1</tessellate>
                    <coordinates>-62.4116885,-31.5278689,0 -62.4147682,-31.5413076,0</coordinates>
                </LineString>
            </Placemark>
            <Placemark>
                <name />
                <styleUrl>#camino</styleUrl>
                <LineString>
                    <tessellate>1</tessellate>
                    <coordinates>-62.4065115,-31.4061456,0 -62.4065092,-31.4066523,0</coordinates>
                </LineString>
            </Placemark>
            <Placemark>
                <name>Bulevar San Martín</name>
                <styleUrl>#camino</styleUrl>
                <LineString>
                    <tessellate>1</tessellate>
                    <coordinates>-62.3061852,-31.3969586,0 -62.3061984,-31.3978579,0</coordinates>
                </LineString>
            </Placemark>
            <Placemark>
                <name>Bulevar San Martín</name>
                <styleUrl>#camino</styleUrl>
                <LineString>
                    <tessellate>1</tessellate>
                    <coordinates>-62.3061984,-31.3978579,0 -62.3062246,-31.3988236,0</coordinates>
                </LineString>
            </Placemark>
            <Placemark>
                <name>Bulevar San Martín</name>
                <styleUrl>#camino</styleUrl>
                <LineString>
                    <tessellate>1</tessellate>
                    <coordinates>-62.3061095,-31.3988217,0 -62.306094,-31.3978592,0</coordinates>
                </LineString>
            </Placemark>
            <Placemark>
                <name>Bulevar San Martín</name>
                <styleUrl>#camino</styleUrl>
                <LineString>
                    <tessellate>1</tessellate>
                    <coordinates>-62.3062246,-31.3988236,0 -62.3062297,-31.3997478,0</coordinates>
                </LineString>
            </Placemark>
            <Placemark>
                <name>Bulevar San Martín</name>
                <styleUrl>#camino</styleUrl>
                <LineString>
                    <tessellate>1</tessellate>
                    <coordinates>-62.3062297,-31.3997478,0 -62.3062379,-31.4005905,0 -62.3062039,-31.4006702,0</coordinates>
                </LineString>
            </Placemark>
            <Placemark>
                <name>Bulevar San Martín</name>
                <styleUrl>#camino</styleUrl>
                <LineString>
                    <tessellate>1</tessellate>
                    <coordinates>-62.3061378,-31.3997483,0 -62.3061095,-31.3988217,0</coordinates>
                </LineString>
            </Placemark>
            <Placemark>
                <name>Bulevar San Martín</name>
                <styleUrl>#camino</styleUrl>
                <LineString>
                    <tessellate>1</tessellate>
                    <coordinates>-62.3062039,-31.4006702,0 -62.3061585,-31.4005806,0 -62.3061378,-31.3997483,0</coordinates>
                </LineString>
            </Placemark>
            <Placemark>
                <name>Bulevar San Martín</name>
                <styleUrl>#camino</styleUrl>
                <LineString>
                    <tessellate>1</tessellate>
                    <coordinates>-62.3063063,-31.402538,0 -62.306318,-31.4034976,0</coordinates>
                </LineString>
            </Placemark>
            <Placemark>
                <name>Bulevar San Martín</name>
                <styleUrl>#camino</styleUrl>
                <LineString>
                    <tessellate>1</tessellate>
                    <coordinates>-62.306318,-31.4034976,0 -62.3063294,-31.4044334,0</coordinates>
                </LineString>
            </Placemark>
            <Placemark>
                <name>Bulevar San Martín</name>
                <styleUrl>#camino</styleUrl>
                <LineString>
                    <tessellate>1</tessellate>
                    <coordinates>-62.3063294,-31.4044334,0 -62.3063437,-31.4053611,0</coordinates>
                </LineString>
            </Placemark>
            <Placemark>
                <name>Bulevar San Martín</name>
                <styleUrl>#camino</styleUrl>
                <LineString>
                    <tessellate>1</tessellate>
                    <coordinates>-62.3063437,-31.4053611,0 -62.3063561,-31.4063104,0</coordinates>
                </LineString>
            </Placemark>
            <Placemark>
                <name />
                <styleUrl>#camino</styleUrl>
                <LineString>
                    <tessellate>1</tessellate>
                    <coordinates>-62.4298064,-31.5093701,0 -62.4290863,-31.5062638,0</coordinates>
                </LineString>
            </Placemark>
            <Placemark>
                <name />
                <styleUrl>#camino</styleUrl>
                <LineString>
                    <tessellate>1</tessellate>
                    <coordinates>-62.4298064,-31.5093701,0 -62.4331794,-31.5242362,0</coordinates>
                </LineString>
            </Placemark>
            <Placemark>
                <name />
                <styleUrl>#camino</styleUrl>
                <LineString>
                    <tessellate>1</tessellate>
                    <coordinates>-62.3156333,-31.4961829,0 -62.3153376,-31.4948761,0 -62.3133251,-31.4859817,0 -62.3093829,-31.4685566,0 -62.3088582,-31.4662385,0</coordinates>
                </LineString>
            </Placemark>
            <Placemark>
                <name />
                <styleUrl>#camino</styleUrl>
                <LineString>
                    <tessellate>1</tessellate>
                    <coordinates>-62.4226198,-31.4783626,0 -62.4175654,-31.4562274,0</coordinates>
                </LineString>
            </Placemark>
            <Placemark>
                <name />
                <styleUrl>#camino</styleUrl>
                <LineString>
                    <tessellate>1</tessellate>
                    <coordinates>-62.4226198,-31.4783626,0 -62.4258522,-31.4923103,0</coordinates>
                </LineString>
            </Placemark>
            <Placemark>
                <name>Bulevar San Martín</name>
                <styleUrl>#camino</styleUrl>
                <LineString>
                    <tessellate>1</tessellate>
                    <coordinates>-62.306094,-31.3978592,0 -62.3060832,-31.3969603,0</coordinates>
                </LineString>
            </Placemark>
            <Placemark>
                <name>Bulevar San Martín</name>
                <styleUrl>#camino</styleUrl>
                <LineString>
                    <tessellate>1</tessellate>
                    <coordinates>-62.3062286,-31.4063069,0 -62.3062205,-31.4053625,0</coordinates>
                </LineString>
            </Placemark>
            <Placemark>
                <name>Bulevar San Martín</name>
                <styleUrl>#camino</styleUrl>
                <LineString>
                    <tessellate>1</tessellate>
                    <coordinates>-62.3062046,-31.4034993,0 -62.3061964,-31.402539,0</coordinates>
                </LineString>
            </Placemark>
            <Placemark>
                <name>Bulevar San Martín</name>
                <styleUrl>#camino</styleUrl>
                <LineString>
                    <tessellate>1</tessellate>
                    <coordinates>-62.3062126,-31.4044349,0 -62.3062046,-31.4034993,0</coordinates>
                </LineString>
            </Placemark>
            <Placemark>
                <name>Bulevar San Martín</name>
                <styleUrl>#camino</styleUrl>
                <LineString>
                    <tessellate>1</tessellate>
                    <coordinates>-62.3062205,-31.4053625,0 -62.3062126,-31.4044349,0</coordinates>
                </LineString>
            </Placemark>
            <Placemark>
                <name />
                <styleUrl>#camino</styleUrl>
                <LineString>
                    <tessellate>1</tessellate>
                    <coordinates>-62.4065092,-31.4066523,0 -62.4065115,-31.4061456,0</coordinates>
                </LineString>
            </Placemark>
            <Placemark>
                <name />
                <styleUrl>#camino</styleUrl>
                <LineString>
                    <tessellate>1</tessellate>
                    <coordinates>-62.4065092,-31.4066523,0 -62.4066997,-31.4076779,0 -62.4068981,-31.4087539,0 -62.4073702,-31.4108645,0 -62.408279,-31.4150398,0</coordinates>
                </LineString>
            </Placemark>
            <Placemark>
                <name />
                <styleUrl>#camino</styleUrl>
                <LineString>
                    <tessellate>1</tessellate>
                    <coordinates>-62.4141394,-31.4412206,0 -62.408279,-31.4150398,0</coordinates>
                </LineString>
            </Placemark>
            <Placemark>
                <name />
                <styleUrl>#camino</styleUrl>
                <LineString>
                    <tessellate>1</tessellate>
                    <coordinates>-62.4141394,-31.4412206,0 -62.4175654,-31.4562274,0</coordinates>
                </LineString>
            </Placemark>
            <Placemark>
                <name />
                <styleUrl>#camino</styleUrl>
                <LineString>
                    <tessellate>1</tessellate>
                    <coordinates>-62.3087992,-31.4225564,0 -62.309586,-31.4261106,0</coordinates>
                </LineString>
            </Placemark>
            <Placemark>
                <name />
                <styleUrl>#camino</styleUrl>
                <LineString>
                    <tessellate>1</tessellate>
                    <coordinates>-62.3087992,-31.4225564,0 -62.3075463,-31.4171683,0 -62.3075423,-31.4170799,0 -62.3075454,-31.4169371,0</coordinates>
                </LineString>
            </Placemark>
            <Placemark>
                <name />
                <styleUrl>#camino</styleUrl>
                <LineString>
                    <tessellate>1</tessellate>
                    <coordinates>-62.4404859,-31.5598176,0 -62.4256157,-31.5622135,0 -62.419737,-31.5631607,0 -62.4157307,-31.5455562,0 -62.4156178,-31.5450144,0 -62.4147682,-31.5413076,0</coordinates>
                </LineString>
            </Placemark>
            <Placemark>
                <name />
                <styleUrl>#camino</styleUrl>
                <LineString>
                    <tessellate>1</tessellate>
                    <coordinates>-62.3088582,-31.4662385,0 -62.3076361,-31.4608235,0</coordinates>
                </LineString>
            </Placemark>
            <Placemark>
                <name />
                <styleUrl>#camino</styleUrl>
                <LineString>
                    <tessellate>1</tessellate>
                    <coordinates>-62.3088582,-31.4662385,0 -62.3093829,-31.4685566,0 -62.3133251,-31.4859817,0 -62.3153376,-31.4948761,0 -62.3156333,-31.4961829,0</coordinates>
                </LineString>
            </Placemark>
            <Placemark>
                <name />
                <styleUrl>#camino</styleUrl>
                <LineString>
                    <tessellate>1</tessellate>
                    <coordinates>-62.3121683,-31.4377681,0 -62.3110026,-31.4322173,0</coordinates>
                </LineString>
            </Placemark>
            <Placemark>
                <name />
                <styleUrl>#camino</styleUrl>
                <LineString>
                    <tessellate>1</tessellate>
                    <coordinates>-62.3121683,-31.4377681,0 -62.31456,-31.4484682,0</coordinates>
                </LineString>
            </Placemark>
            <Placemark>
                <name />
                <styleUrl>#camino</styleUrl>
                <LineString>
                    <tessellate>1</tessellate>
                    <coordinates>-62.4175654,-31.4562274,0 -62.4141394,-31.4412206,0</coordinates>
                </LineString>
            </Placemark>
            <Placemark>
                <name />
                <styleUrl>#camino</styleUrl>
                <LineString>
                    <tessellate>1</tessellate>
                    <coordinates>-62.4175654,-31.4562274,0 -62.4226198,-31.4783626,0</coordinates>
                </LineString>
            </Placemark>
            <Placemark>
                <name />
                <styleUrl>#camino</styleUrl>
                <LineString>
                    <tessellate>1</tessellate>
                    <coordinates>-62.5071508,-31.4201758,0 -62.5046378,-31.4172601,0 -62.5036261,-31.4161357,0 -62.5027539,-31.4152,0 -62.5024638,-31.4148626,0</coordinates>
                </LineString>
            </Placemark>
            <Placemark>
                <name />
                <styleUrl>#camino</styleUrl>
                <LineString>
                    <tessellate>1</tessellate>
                    <coordinates>-62.5024638,-31.4148626,0 -62.5018461,-31.4141113,0</coordinates>
                </LineString>
            </Placemark>
            <Placemark>
                <name />
                <styleUrl>#camino</styleUrl>
                <LineString>
                    <tessellate>1</tessellate>
                    <coordinates>-62.5024638,-31.4148626,0 -62.5027539,-31.4152,0 -62.5036261,-31.4161357,0 -62.5046378,-31.4172601,0 -62.5071508,-31.4201758,0</coordinates>
                </LineString>
            </Placemark>
            <Placemark>
                <name />
                <styleUrl>#camino</styleUrl>
                <LineString>
                    <tessellate>1</tessellate>
                    <coordinates>-62.5011052,-31.4132013,0 -62.5017722,-31.4140347,0</coordinates>
                </LineString>
            </Placemark>
            <Placemark>
                <name />
                <styleUrl>#camino</styleUrl>
                <LineString>
                    <tessellate>1</tessellate>
                    <coordinates>-62.5011052,-31.4132013,0 -62.5002837,-31.4121662,0 -62.4997759,-31.4114233,0 -62.4989655,-31.4104394,0 -62.498399,-31.4097748,0 -62.4977967,-31.4091396,0 -62.4971451,-31.4085675,0 -62.4958871,-31.4076908,0 -62.4952679,-31.4073344,0 -62.4945502,-31.4069832,0 -62.4938011,-31.406687,0 -62.492941,-31.4064065,0 -62.4923111,-31.4062259,0 -62.4916935,-31.4060663,0 -62.4908513,-31.4058969,0 -62.4902988,-31.4058237,0 -62.4893171,-31.4057779,0 -62.4866778,-31.4058283,0</coordinates>
                </LineString>
            </Placemark>
            <Placemark>
                <name />
                <styleUrl>#camino</styleUrl>
                <LineString>
                    <tessellate>1</tessellate>
                    <coordinates>-62.5017722,-31.4140347,0 -62.5028192,-31.4134351,0</coordinates>
                </LineString>
            </Placemark>
            <Placemark>
                <name />
                <styleUrl>#camino</styleUrl>
                <LineString>
                    <tessellate>1</tessellate>
                    <coordinates>-62.5017722,-31.4140347,0 -62.5011052,-31.4132013,0</coordinates>
                </LineString>
            </Placemark>
            <Placemark>
                <name />
                <styleUrl>#camino</styleUrl>
                <LineString>
                    <tessellate>1</tessellate>
                    <coordinates>-62.5017722,-31.4140347,0 -62.5018461,-31.4141113,0</coordinates>
                </LineString>
            </Placemark>
            <Placemark>
                <name />
                <styleUrl>#camino</styleUrl>
                <LineString>
                    <tessellate>1</tessellate>
                    <coordinates>-62.5021986,-31.4126628,0 -62.5028192,-31.4134351,0</coordinates>
                </LineString>
            </Placemark>
            <Placemark>
                <name />
                <styleUrl>#camino</styleUrl>
                <LineString>
                    <tessellate>1</tessellate>
                    <coordinates>-62.5021986,-31.4126628,0 -62.5019858,-31.4124211,0 -62.5006855,-31.4109818,0 -62.4994013,-31.409507,0 -62.4988169,-31.4088668,0 -62.4982488,-31.4083098,0 -62.4975961,-31.4077751,0 -62.4971622,-31.4074649,0 -62.4970327,-31.4073014,0 -62.4969337,-31.4071445,0 -62.4968809,-31.4069774,0 -62.4968403,-31.4065045,0 -62.4968273,-31.4060895,0</coordinates>
                </LineString>
            </Placemark>
            <Placemark>
                <name />
                <styleUrl>#camino</styleUrl>
                <LineString>
                    <tessellate>1</tessellate>
                    <coordinates>-62.5028192,-31.4134351,0 -62.502887,-31.4135181,0</coordinates>
                </LineString>
            </Placemark>
            <Placemark>
                <name />
                <styleUrl>#camino</styleUrl>
                <LineString>
                    <tessellate>1</tessellate>
                    <coordinates>-62.5028192,-31.4134351,0 -62.5021986,-31.4126628,0</coordinates>
                </LineString>
            </Placemark>
            <Placemark>
                <name />
                <styleUrl>#camino</styleUrl>
                <LineString>
                    <tessellate>1</tessellate>
                    <coordinates>-62.5035279,-31.4142716,0 -62.502887,-31.4135181,0</coordinates>
                </LineString>
            </Placemark>
            <Placemark>
                <name />
                <styleUrl>#camino</styleUrl>
                <LineString>
                    <tessellate>1</tessellate>
                    <coordinates>-62.5035279,-31.4142716,0 -62.5039324,-31.414804,0 -62.5040918,-31.4150164,0 -62.504699,-31.4158895,0 -62.5053201,-31.4166732,0 -62.5055594,-31.4169778,0 -62.5058044,-31.4173067,0 -62.5060693,-31.4176706,0 -62.506908,-31.4186599,0 -62.5072436,-31.419028,0</coordinates>
                </LineString>
            </Placemark>
            <Placemark>
                <name />
                <styleUrl>#camino</styleUrl>
                <LineString>
                    <tessellate>1</tessellate>
                    <coordinates>-62.5072436,-31.419028,0 -62.506908,-31.4186599,0 -62.5060693,-31.4176706,0 -62.5058044,-31.4173067,0 -62.5055594,-31.4169778,0 -62.5053201,-31.4166732,0 -62.504699,-31.4158895,0 -62.5040918,-31.4150164,0 -62.5039324,-31.414804,0 -62.5035279,-31.4142716,0</coordinates>
                </LineString>
            </Placemark>
            <Placemark>
                <name />
                <styleUrl>#camino</styleUrl>
                <LineString>
                    <tessellate>1</tessellate>
                    <coordinates>-62.4866778,-31.4058283,0 -62.4893171,-31.4057779,0 -62.4902988,-31.4058237,0 -62.4908513,-31.4058969,0 -62.4916935,-31.4060663,0 -62.4923111,-31.4062259,0 -62.492941,-31.4064065,0 -62.4938011,-31.406687,0 -62.4945502,-31.4069832,0 -62.4952679,-31.4073344,0 -62.4958871,-31.4076908,0 -62.4971451,-31.4085675,0 -62.4977967,-31.4091396,0 -62.498399,-31.4097748,0 -62.4989655,-31.4104394,0 -62.4997759,-31.4114233,0 -62.5002837,-31.4121662,0 -62.5011052,-31.4132013,0</coordinates>
                </LineString>
            </Placemark>
            <Placemark>
                <name />
                <styleUrl>#camino</styleUrl>
                <LineString>
                    <tessellate>1</tessellate>
                    <coordinates>-62.5018461,-31.4141113,0 -62.5017722,-31.4140347,0</coordinates>
                </LineString>
            </Placemark>
            <Placemark>
                <name />
                <styleUrl>#camino</styleUrl>
                <LineString>
                    <tessellate>1</tessellate>
                    <coordinates>-62.5018461,-31.4141113,0 -62.5024638,-31.4148626,0</coordinates>
                </LineString>
            </Placemark>
            <Placemark>
                <name />
                <styleUrl>#camino</styleUrl>
                <LineString>
                    <tessellate>1</tessellate>
                    <coordinates>-62.502887,-31.4135181,0 -62.5018461,-31.4141113,0</coordinates>
                </LineString>
            </Placemark>
            <Placemark>
                <name />
                <styleUrl>#camino</styleUrl>
                <LineString>
                    <tessellate>1</tessellate>
                    <coordinates>-62.502887,-31.4135181,0 -62.5035279,-31.4142716,0</coordinates>
                </LineString>
            </Placemark>
            <Placemark>
                <name />
                <styleUrl>#camino</styleUrl>
                <LineString>
                    <tessellate>1</tessellate>
                    <coordinates>-62.502887,-31.4135181,0 -62.5028192,-31.4134351,0</coordinates>
                </LineString>
            </Placemark>
            <Placemark>
                <name />
                <styleUrl>#camino</styleUrl>
                <LineString>
                    <tessellate>1</tessellate>
                    <coordinates>-62.4968273,-31.4060895,0 -62.4967696,-31.4053165,0</coordinates>
                </LineString>
            </Placemark>
            <Placemark>
                <name />
                <styleUrl>#camino</styleUrl>
                <LineString>
                    <tessellate>1</tessellate>
                    <coordinates>-62.4968273,-31.4060895,0 -62.4968403,-31.4065045,0 -62.4968809,-31.4069774,0 -62.4969337,-31.4071445,0 -62.4970327,-31.4073014,0 -62.4971622,-31.4074649,0 -62.4975961,-31.4077751,0 -62.4982488,-31.4083098,0 -62.4988169,-31.4088668,0 -62.4994013,-31.409507,0 -62.5006855,-31.4109818,0 -62.5019858,-31.4124211,0 -62.5021986,-31.4126628,0</coordinates>
                </LineString>
            </Placemark>
            <Placemark>
                <name />
                <styleUrl>#camino</styleUrl>
                <LineString>
                    <tessellate>1</tessellate>
                    <coordinates>-62.4977208,-31.4052836,0 -62.4974464,-31.4053806,0 -62.4972947,-31.4054451,0 -62.4971634,-31.4055227,0 -62.4970476,-31.4056243,0 -62.4969574,-31.4057347,0 -62.4968913,-31.4059051,0 -62.4968273,-31.4060895,0</coordinates>
                </LineString>
            </Placemark>
            <Placemark>
                <name />
                <styleUrl>#camino</styleUrl>
                <LineString>
                    <tessellate>1</tessellate>
                    <coordinates>-62.4967696,-31.4053165,0 -62.4968273,-31.4060895,0</coordinates>
                </LineString>
            </Placemark>
            <Placemark>
                <name />
                <styleUrl>#camino</styleUrl>
                <LineString>
                    <tessellate>1</tessellate>
                    <coordinates>-62.4258522,-31.4923103,0 -62.4226198,-31.4783626,0</coordinates>
                </LineString>
            </Placemark>
            <Placemark>
                <name />
                <styleUrl>#camino</styleUrl>
                <LineString>
                    <tessellate>1</tessellate>
                    <coordinates>-62.4258522,-31.4923103,0 -62.4290863,-31.5062638,0</coordinates>
                </LineString>
            </Placemark>
            <Placemark>
                <name />
                <styleUrl>#camino</styleUrl>
                <LineString>
                    <tessellate>1</tessellate>
                    <coordinates>-62.4290863,-31.5062638,0 -62.4258522,-31.4923103,0</coordinates>
                </LineString>
            </Placemark>
            <Placemark>
                <name />
                <styleUrl>#camino</styleUrl>
                <LineString>
                    <tessellate>1</tessellate>
                    <coordinates>-62.4290863,-31.5062638,0 -62.4298064,-31.5093701,0</coordinates>
                </LineString>
            </Placemark>
            <Placemark>
                <name />
                <styleUrl>#camino</styleUrl>
                <LineString>
                    <tessellate>1</tessellate>
                    <coordinates>-62.4147682,-31.5413076,0 -62.4116885,-31.5278689,0</coordinates>
                </LineString>
            </Placemark>
            <Placemark>
                <name />
                <styleUrl>#camino</styleUrl>
                <LineString>
                    <tessellate>1</tessellate>
                    <coordinates>-62.4147682,-31.5413076,0 -62.4156178,-31.5450144,0 -62.4157307,-31.5455562,0 -62.419737,-31.5631607,0 -62.4256157,-31.5622135,0 -62.4404859,-31.5598176,0</coordinates>
                </LineString>
            </Placemark>
            <Placemark>
                <name />
                <styleUrl>#camino</styleUrl>
                <LineString>
                    <tessellate>1</tessellate>
                    <coordinates>-62.309586,-31.4261106,0 -62.3087992,-31.4225564,0</coordinates>
                </LineString>
            </Placemark>
            <Placemark>
                <name />
                <styleUrl>#camino</styleUrl>
                <LineString>
                    <tessellate>1</tessellate>
                    <coordinates>-62.309586,-31.4261106,0 -62.3103942,-31.4297616,0 -62.3110026,-31.4322173,0</coordinates>
                </LineString>
            </Placemark>
            <Placemark>
                <name />
                <styleUrl>#camino</styleUrl>
                <LineString>
                    <tessellate>1</tessellate>
                    <coordinates>-62.31456,-31.4484682,0 -62.3121683,-31.4377681,0</coordinates>
                </LineString>
            </Placemark>
            <Placemark>
                <name />
                <styleUrl>#camino</styleUrl>
                <LineString>
                    <tessellate>1</tessellate>
                    <coordinates>-62.31456,-31.4484682,0 -62.3145571,-31.4485462,0 -62.3145183,-31.4486092,0 -62.3144208,-31.4486684,0</coordinates>
                </LineString>
            </Placemark>
            <Placemark>
                <name />
                <styleUrl>#camino</styleUrl>
                <LineString>
                    <tessellate>1</tessellate>
                    <coordinates>-62.3076361,-31.4608235,0 -62.3088582,-31.4662385,0</coordinates>
                </LineString>
            </Placemark>
            <Placemark>
                <name />
                <styleUrl>#camino</styleUrl>
                <LineString>
                    <tessellate>1</tessellate>
                    <coordinates>-62.3076361,-31.4608235,0 -62.3056094,-31.4518424,0 -62.3052368,-31.4502315,0</coordinates>
                </LineString>
            </Placemark>
        </Folder>
        <Folder>
            <name>Senderos</name>
            <Placemark>
                <name />
                <styleUrl>#sendero</styleUrl>
                <LineString>
                    <tessellate>1</tessellate>
                    <coordinates>-62.3062039,-31.4006702,0 -62.3062093,-31.4008073,0</coordinates>
                </LineString>
            </Placemark>
            <Placemark>
                <name />
                <styleUrl>#sendero</styleUrl>
                <LineString>
                    <tessellate>1</tessellate>
                    <coordinates>-62.3050513,-31.4006738,0 -62.3052558,-31.4008126,0</coordinates>
                </LineString>
            </Placemark>
            <Placemark>
                <name />
                <styleUrl>#sendero</styleUrl>
                <LineString>
                    <tessellate>1</tessellate>
                    <coordinates>-62.3051014,-31.4016286,0 -62.3052699,-31.4016291,0</coordinates>
                </LineString>
            </Placemark>
            <Placemark>
                <name />
                <styleUrl>#sendero</styleUrl>
                <LineString>
                    <tessellate>1</tessellate>
                    <coordinates>-62.3072984,-31.4016314,0 -62.3071387,-31.4016306,0</coordinates>
                </LineString>
            </Placemark>
            <Placemark>
                <name />
                <styleUrl>#sendero</styleUrl>
                <LineString>
                    <tessellate>1</tessellate>
                    <coordinates>-62.3073119,-31.4025407,0 -62.3071446,-31.402412,0</coordinates>
                </LineString>
            </Placemark>
            <Placemark>
                <name />
                <styleUrl>#sendero</styleUrl>
                <LineString>
                    <tessellate>1</tessellate>
                    <coordinates>-62.3051213,-31.402551,0 -62.30528,-31.4024172,0</coordinates>
                </LineString>
            </Placemark>
            <Placemark>
                <name />
                <styleUrl>#sendero</styleUrl>
                <LineString>
                    <tessellate>1</tessellate>
                    <coordinates>-62.3074921,-31.4076784,0 -62.3074964,-31.4076003,0</coordinates>
                </LineString>
            </Placemark>
            <Placemark>
                <name />
                <styleUrl>#sendero</styleUrl>
                <LineString>
                    <tessellate>1</tessellate>
                    <coordinates>-62.3041423,-31.4077231,0 -62.3041993,-31.4076476,0 -62.3054045,-31.4076311,0</coordinates>
                </LineString>
            </Placemark>
            <Placemark>
                <name />
                <styleUrl>#sendero</styleUrl>
                <LineString>
                    <tessellate>1</tessellate>
                    <coordinates>-62.3067526,-31.4063006,0 -62.306613,-31.406411,0</coordinates>
                </LineString>
            </Placemark>
            <Placemark>
                <name />
                <styleUrl>#sendero</styleUrl>
                <LineString>
                    <tessellate>1</tessellate>
                    <coordinates>-62.3053876,-31.4077083,0 -62.3054045,-31.4076311,0</coordinates>
                </LineString>
            </Placemark>
            <Placemark>
                <name />
                <styleUrl>#sendero</styleUrl>
                <LineString>
                    <tessellate>1</tessellate>
                    <coordinates>-62.3062921,-31.406708,0 -62.306613,-31.406411,0</coordinates>
                </LineString>
            </Placemark>
            <Placemark>
                <name />
                <styleUrl>#sendero</styleUrl>
                <LineString>
                    <tessellate>1</tessellate>
                    <coordinates>-62.3062921,-31.406708,0 -62.3059542,-31.4064198,0</coordinates>
                </LineString>
            </Placemark>
            <Placemark>
                <name />
                <styleUrl>#sendero</styleUrl>
                <LineString>
                    <tessellate>1</tessellate>
                    <coordinates>-62.3062921,-31.406708,0 -62.3062198,-31.4067749,0 -62.3059716,-31.4070046,0 -62.3059374,-31.4070363,0 -62.3059294,-31.4070526,0 -62.3059096,-31.407093,0 -62.3058542,-31.4072057,0 -62.3054143,-31.4075835,0 -62.3054045,-31.4076311,0</coordinates>
                </LineString>
            </Placemark>
            <Placemark>
                <name />
                <styleUrl>#sendero</styleUrl>
                <LineString>
                    <tessellate>1</tessellate>
                    <coordinates>-62.3057925,-31.4063049,0 -62.3059542,-31.4064198,0</coordinates>
                </LineString>
            </Placemark>
            <Placemark>
                <name />
                <styleUrl>#sendero</styleUrl>
                <LineString>
                    <tessellate>1</tessellate>
                    <coordinates>-62.3075378,-31.4062766,0 -62.30754,-31.4063892,0</coordinates>
                </LineString>
            </Placemark>
            <Placemark>
                <name />
                <styleUrl>#sendero</styleUrl>
                <LineString>
                    <tessellate>1</tessellate>
                    <coordinates>-62.309084,-31.4063792,0 -62.3087484,-31.4064206,0 -62.3084238,-31.4063976,0 -62.3077827,-31.4063953,0 -62.30754,-31.4063892,0</coordinates>
                </LineString>
            </Placemark>
            <Placemark>
                <name />
                <styleUrl>#sendero</styleUrl>
                <LineString>
                    <tessellate>1</tessellate>
                    <coordinates>-62.3059542,-31.4064198,0 -62.3057925,-31.4063049,0</coordinates>
                </LineString>
            </Placemark>
            <Placemark>
                <name />
                <styleUrl>#sendero</styleUrl>
                <LineString>
                    <tessellate>1</tessellate>
                    <coordinates>-62.3059542,-31.4064198,0 -62.3062921,-31.406708,0</coordinates>
                </LineString>
            </Placemark>
            <Placemark>
                <name />
                <styleUrl>#sendero</styleUrl>
                <LineString>
                    <tessellate>1</tessellate>
                    <coordinates>-62.3059542,-31.4064198,0 -62.306613,-31.406411,0</coordinates>
                </LineString>
            </Placemark>
            <Placemark>
                <name />
                <styleUrl>#sendero</styleUrl>
                <LineString>
                    <tessellate>1</tessellate>
                    <coordinates>-62.306613,-31.406411,0 -62.3062921,-31.406708,0</coordinates>
                </LineString>
            </Placemark>
            <Placemark>
                <name />
                <styleUrl>#sendero</styleUrl>
                <LineString>
                    <tessellate>1</tessellate>
                    <coordinates>-62.306613,-31.406411,0 -62.3067526,-31.4063006,0</coordinates>
                </LineString>
            </Placemark>
            <Placemark>
                <name />
                <styleUrl>#sendero</styleUrl>
                <LineString>
                    <tessellate>1</tessellate>
                    <coordinates>-62.306613,-31.406411,0 -62.3059542,-31.4064198,0</coordinates>
                </LineString>
            </Placemark>
            <Placemark>
                <name />
                <styleUrl>#sendero</styleUrl>
                <LineString>
                    <tessellate>1</tessellate>
                    <coordinates>-62.306613,-31.406411,0 -62.30754,-31.4063892,0</coordinates>
                </LineString>
            </Placemark>
            <Placemark>
                <name />
                <styleUrl>#sendero</styleUrl>
                <LineString>
                    <tessellate>1</tessellate>
                    <coordinates>-62.30754,-31.4063892,0 -62.3075378,-31.4062766,0</coordinates>
                </LineString>
            </Placemark>
            <Placemark>
                <name />
                <styleUrl>#sendero</styleUrl>
                <LineString>
                    <tessellate>1</tessellate>
                    <coordinates>-62.30754,-31.4063892,0 -62.306613,-31.406411,0</coordinates>
                </LineString>
            </Placemark>
            <Placemark>
                <name />
                <styleUrl>#sendero</styleUrl>
                <LineString>
                    <tessellate>1</tessellate>
                    <coordinates>-62.30754,-31.4063892,0 -62.3075362,-31.4067602,0 -62.3075357,-31.406816,0 -62.30754,-31.4068306,0 -62.3075841,-31.406985,0 -62.3075832,-31.4070335,0 -62.3075825,-31.4070765,0 -62.3074964,-31.4076003,0</coordinates>
                </LineString>
            </Placemark>
            <Placemark>
                <name />
                <styleUrl>#sendero</styleUrl>
                <LineString>
                    <tessellate>1</tessellate>
                    <coordinates>-62.30754,-31.4063892,0 -62.3077827,-31.4063953,0 -62.3084238,-31.4063976,0 -62.3087484,-31.4064206,0 -62.309084,-31.4063792,0</coordinates>
                </LineString>
            </Placemark>
            <Placemark>
                <name />
                <styleUrl>#sendero</styleUrl>
                <LineString>
                    <tessellate>1</tessellate>
                    <coordinates>-62.3090978,-31.4072996,0 -62.3087215,-31.4075857,0 -62.3074964,-31.4076003,0</coordinates>
                </LineString>
            </Placemark>
            <Placemark>
                <name />
                <styleUrl>#sendero</styleUrl>
                <LineString>
                    <tessellate>1</tessellate>
                    <coordinates>-62.3054045,-31.4076311,0 -62.3053876,-31.4077083,0</coordinates>
                </LineString>
            </Placemark>
            <Placemark>
                <name />
                <styleUrl>#sendero</styleUrl>
                <LineString>
                    <tessellate>1</tessellate>
                    <coordinates>-62.3054045,-31.4076311,0 -62.3074964,-31.4076003,0</coordinates>
                </LineString>
            </Placemark>
            <Placemark>
                <name />
                <styleUrl>#sendero</styleUrl>
                <LineString>
                    <tessellate>1</tessellate>
                    <coordinates>-62.3054045,-31.4076311,0 -62.3054143,-31.4075835,0 -62.3058542,-31.4072057,0 -62.3059096,-31.407093,0 -62.3059294,-31.4070526,0 -62.3059374,-31.4070363,0 -62.3059716,-31.4070046,0 -62.3062198,-31.4067749,0 -62.3062921,-31.406708,0</coordinates>
                </LineString>
            </Placemark>
            <Placemark>
                <name />
                <styleUrl>#sendero</styleUrl>
                <LineString>
                    <tessellate>1</tessellate>
                    <coordinates>-62.3054045,-31.4076311,0 -62.3041993,-31.4076476,0 -62.3041423,-31.4077231,0</coordinates>
                </LineString>
            </Placemark>
            <Placemark>
                <name />
                <styleUrl>#sendero</styleUrl>
                <LineString>
                    <tessellate>1</tessellate>
                    <coordinates>-62.3074964,-31.4076003,0 -62.3074921,-31.4076784,0</coordinates>
                </LineString>
            </Placemark>
            <Placemark>
                <name />
                <styleUrl>#sendero</styleUrl>
                <LineString>
                    <tessellate>1</tessellate>
                    <coordinates>-62.3074964,-31.4076003,0 -62.3054045,-31.4076311,0</coordinates>
                </LineString>
            </Placemark>
            <Placemark>
                <name />
                <styleUrl>#sendero</styleUrl>
                <LineString>
                    <tessellate>1</tessellate>
                    <coordinates>-62.3074964,-31.4076003,0 -62.3075825,-31.4070765,0 -62.3075832,-31.4070335,0 -62.3075841,-31.406985,0 -62.30754,-31.4068306,0 -62.3075357,-31.406816,0 -62.3075362,-31.4067602,0 -62.30754,-31.4063892,0</coordinates>
                </LineString>
            </Placemark>
            <Placemark>
                <name />
                <styleUrl>#sendero</styleUrl>
                <LineString>
                    <tessellate>1</tessellate>
                    <coordinates>-62.3074964,-31.4076003,0 -62.3087215,-31.4075857,0 -62.3090978,-31.4072996,0</coordinates>
                </LineString>
            </Placemark>
            <Placemark>
                <name />
                <styleUrl>#sendero</styleUrl>
                <LineString>
                    <tessellate>1</tessellate>
                    <coordinates>-62.3070193,-31.4024125,0 -62.3064349,-31.4018861,0</coordinates>
                </LineString>
            </Placemark>
            <Placemark>
                <name />
                <styleUrl>#sendero</styleUrl>
                <LineString>
                    <tessellate>1</tessellate>
                    <coordinates>-62.3070193,-31.4024125,0 -62.3063756,-31.4024152,0</coordinates>
                </LineString>
            </Placemark>
            <Placemark>
                <name />
                <styleUrl>#sendero</styleUrl>
                <LineString>
                    <tessellate>1</tessellate>
                    <coordinates>-62.3070193,-31.4024125,0 -62.3071446,-31.402412,0</coordinates>
                </LineString>
            </Placemark>
            <Placemark>
                <name />
                <styleUrl>#sendero</styleUrl>
                <LineString>
                    <tessellate>1</tessellate>
                    <coordinates>-62.3062454,-31.4025386,0 -62.3062455,-31.4024151,0</coordinates>
                </LineString>
            </Placemark>
            <Placemark>
                <name />
                <styleUrl>#sendero</styleUrl>
                <LineString>
                    <tessellate>1</tessellate>
                    <coordinates>-62.3062455,-31.4024151,0 -62.3062454,-31.4025386,0</coordinates>
                </LineString>
            </Placemark>
            <Placemark>
                <name />
                <styleUrl>#sendero</styleUrl>
                <LineString>
                    <tessellate>1</tessellate>
                    <coordinates>-62.3062455,-31.4024151,0 -62.306104,-31.4024142,0</coordinates>
                </LineString>
            </Placemark>
            <Placemark>
                <name />
                <styleUrl>#sendero</styleUrl>
                <LineString>
                    <tessellate>1</tessellate>
                    <coordinates>-62.3062455,-31.4024151,0 -62.3063756,-31.4024152,0</coordinates>
                </LineString>
            </Placemark>
            <Placemark>
                <name />
                <styleUrl>#sendero</styleUrl>
                <LineString>
                    <tessellate>1</tessellate>
                    <coordinates>-62.306104,-31.4024142,0 -62.3060986,-31.4021568,0</coordinates>
                </LineString>
            </Placemark>
            <Placemark>
                <name />
                <styleUrl>#sendero</styleUrl>
                <LineString>
                    <tessellate>1</tessellate>
                    <coordinates>-62.306104,-31.4024142,0 -62.30528,-31.4024172,0</coordinates>
                </LineString>
            </Placemark>
            <Placemark>
                <name />
                <styleUrl>#sendero</styleUrl>
                <LineString>
                    <tessellate>1</tessellate>
                    <coordinates>-62.306104,-31.4024142,0 -62.3062455,-31.4024151,0</coordinates>
                </LineString>
            </Placemark>
            <Placemark>
                <name />
                <styleUrl>#sendero</styleUrl>
                <LineString>
                    <tessellate>1</tessellate>
                    <coordinates>-62.3060986,-31.4021568,0 -62.306104,-31.4024142,0</coordinates>
                </LineString>
            </Placemark>
            <Placemark>
                <name />
                <styleUrl>#sendero</styleUrl>
                <LineString>
                    <tessellate>1</tessellate>
                    <coordinates>-62.3060986,-31.4021568,0 -62.3064371,-31.4021568,0</coordinates>
                </LineString>
            </Placemark>
            <Placemark>
                <name />
                <styleUrl>#sendero</styleUrl>
                <LineString>
                    <tessellate>1</tessellate>
                    <coordinates>-62.3060986,-31.4021568,0 -62.3060294,-31.4021568,0 -62.3060219,-31.4017989,0 -62.3061182,-31.4016991,0</coordinates>
                </LineString>
            </Placemark>
            <Placemark>
                <name />
                <styleUrl>#sendero</styleUrl>
                <LineString>
                    <tessellate>1</tessellate>
                    <coordinates>-62.3061226,-31.4012141,0 -62.3061282,-31.4015227,0</coordinates>
                </LineString>
            </Placemark>
            <Placemark>
                <name />
                <styleUrl>#sendero</styleUrl>
                <LineString>
                    <tessellate>1</tessellate>
                    <coordinates>-62.3061226,-31.4012141,0 -62.3059452,-31.4012382,0 -62.3058606,-31.40128,0</coordinates>
                </LineString>
            </Placemark>
            <Placemark>
                <name />
                <styleUrl>#sendero</styleUrl>
                <LineString>
                    <tessellate>1</tessellate>
                    <coordinates>-62.3061226,-31.4012141,0 -62.3061168,-31.4008902,0 -62.3062087,-31.4008894,0</coordinates>
                </LineString>
            </Placemark>
            <Placemark>
                <name />
                <styleUrl>#sendero</styleUrl>
                <LineString>
                    <tessellate>1</tessellate>
                    <coordinates>-62.3063756,-31.4024152,0 -62.3062455,-31.4024151,0</coordinates>
                </LineString>
            </Placemark>
            <Placemark>
                <name />
                <styleUrl>#sendero</styleUrl>
                <LineString>
                    <tessellate>1</tessellate>
                    <coordinates>-62.3063756,-31.4024152,0 -62.3070193,-31.4024125,0</coordinates>
                </LineString>
            </Placemark>
            <Placemark>
                <name />
                <styleUrl>#sendero</styleUrl>
                <LineString>
                    <tessellate>1</tessellate>
                    <coordinates>-62.3063756,-31.4024152,0 -62.3063748,-31.4023164,0 -62.3064356,-31.4022349,0 -62.3064371,-31.4021568,0</coordinates>
                </LineString>
            </Placemark>
            <Placemark>
                <name />
                <styleUrl>#sendero</styleUrl>
                <LineString>
                    <tessellate>1</tessellate>
                    <coordinates>-62.3064371,-31.4021568,0 -62.3060986,-31.4021568,0</coordinates>
                </LineString>
            </Placemark>
            <Placemark>
                <name />
                <styleUrl>#sendero</styleUrl>
                <LineString>
                    <tessellate>1</tessellate>
                    <coordinates>-62.3064371,-31.4021568,0 -62.3064349,-31.4018861,0</coordinates>
                </LineString>
            </Placemark>
            <Placemark>
                <name />
                <styleUrl>#sendero</styleUrl>
                <LineString>
                    <tessellate>1</tessellate>
                    <coordinates>-62.3064371,-31.4021568,0 -62.3064356,-31.4022349,0 -62.3063748,-31.4023164,0 -62.3063756,-31.4024152,0</coordinates>
                </LineString>
            </Placemark>
            <Placemark>
                <name />
                <styleUrl>#sendero</styleUrl>
                <LineString>
                    <tessellate>1</tessellate>
                    <coordinates>-62.3064349,-31.4018861,0 -62.3070193,-31.4024125,0</coordinates>
                </LineString>
            </Placemark>
            <Placemark>
                <name />
                <styleUrl>#sendero</styleUrl>
                <LineString>
                    <tessellate>1</tessellate>
                    <coordinates>-62.3064349,-31.4018861,0 -62.3064371,-31.4021568,0</coordinates>
                </LineString>
            </Placemark>
            <Placemark>
                <name />
                <styleUrl>#sendero</styleUrl>
                <LineString>
                    <tessellate>1</tessellate>
                    <coordinates>-62.3064349,-31.4018861,0 -62.3063251,-31.4017048,0</coordinates>
                </LineString>
            </Placemark>
            <Placemark>
                <name />
                <styleUrl>#sendero</styleUrl>
                <LineString>
                    <tessellate>1</tessellate>
                    <coordinates>-62.3052699,-31.4016291,0 -62.3051014,-31.4016286,0</coordinates>
                </LineString>
            </Placemark>
            <Placemark>
                <name />
                <styleUrl>#sendero</styleUrl>
                <LineString>
                    <tessellate>1</tessellate>
                    <coordinates>-62.3052699,-31.4016291,0 -62.3052686,-31.4015542,0</coordinates>
                </LineString>
            </Placemark>
            <Placemark>
                <name />
                <styleUrl>#sendero</styleUrl>
                <LineString>
                    <tessellate>1</tessellate>
                    <coordinates>-62.3052699,-31.4016291,0 -62.3052707,-31.4016845,0</coordinates>
                </LineString>
            </Placemark>
            <Placemark>
                <name />
                <styleUrl>#sendero</styleUrl>
                <LineString>
                    <tessellate>1</tessellate>
                    <coordinates>-62.3052707,-31.4016845,0 -62.3052699,-31.4016291,0</coordinates>
                </LineString>
            </Placemark>
            <Placemark>
                <name />
                <styleUrl>#sendero</styleUrl>
                <LineString>
                    <tessellate>1</tessellate>
                    <coordinates>-62.3052707,-31.4016845,0 -62.30528,-31.4024172,0</coordinates>
                </LineString>
            </Placemark>
            <Placemark>
                <name />
                <styleUrl>#sendero</styleUrl>
                <LineString>
                    <tessellate>1</tessellate>
                    <coordinates>-62.3052707,-31.4016845,0 -62.3059523,-31.4016789,0 -62.3060885,-31.4016574,0</coordinates>
                </LineString>
            </Placemark>
            <Placemark>
                <name />
                <styleUrl>#sendero</styleUrl>
                <LineString>
                    <tessellate>1</tessellate>
                    <coordinates>-62.3057071,-31.4015482,0 -62.3052686,-31.4015542,0</coordinates>
                </LineString>
            </Placemark>
            <Placemark>
                <name />
                <styleUrl>#sendero</styleUrl>
                <LineString>
                    <tessellate>1</tessellate>
                    <coordinates>-62.3057071,-31.4015482,0 -62.3057105,-31.4014951,0 -62.3057192,-31.4014591,0 -62.3057487,-31.4014064,0 -62.305797,-31.4013326,0</coordinates>
                </LineString>
            </Placemark>
            <Placemark>
                <name />
                <styleUrl>#sendero</styleUrl>
                <LineString>
                    <tessellate>1</tessellate>
                    <coordinates>-62.3057071,-31.4015482,0 -62.3059506,-31.4015448,0 -62.3060939,-31.4015618,0</coordinates>
                </LineString>
            </Placemark>
            <Placemark>
                <name />
                <styleUrl>#sendero</styleUrl>
                <LineString>
                    <tessellate>1</tessellate>
                    <coordinates>-62.3052686,-31.4015542,0 -62.3057071,-31.4015482,0</coordinates>
                </LineString>
            </Placemark>
            <Placemark>
                <name />
                <styleUrl>#sendero</styleUrl>
                <LineString>
                    <tessellate>1</tessellate>
                    <coordinates>-62.3052686,-31.4015542,0 -62.3052569,-31.4008472,0</coordinates>
                </LineString>
            </Placemark>
            <Placemark>
                <name />
                <styleUrl>#sendero</styleUrl>
                <LineString>
                    <tessellate>1</tessellate>
                    <coordinates>-62.3052686,-31.4015542,0 -62.3052699,-31.4016291,0</coordinates>
                </LineString>
            </Placemark>
            <Placemark>
                <name />
                <styleUrl>#sendero</styleUrl>
                <LineString>
                    <tessellate>1</tessellate>
                    <coordinates>-62.3071387,-31.4016306,0 -62.3072984,-31.4016314,0</coordinates>
                </LineString>
            </Placemark>
            <Placemark>
                <name />
                <styleUrl>#sendero</styleUrl>
                <LineString>
                    <tessellate>1</tessellate>
                    <coordinates>-62.3071387,-31.4016306,0 -62.3071389,-31.401658,0</coordinates>
                </LineString>
            </Placemark>
            <Placemark>
                <name />
                <styleUrl>#sendero</styleUrl>
                <LineString>
                    <tessellate>1</tessellate>
                    <coordinates>-62.3071387,-31.4016306,0 -62.3071382,-31.4015563,0</coordinates>
                </LineString>
            </Placemark>
            <Placemark>
                <name />
                <styleUrl>#sendero</styleUrl>
                <LineString>
                    <tessellate>1</tessellate>
                    <coordinates>-62.3071389,-31.401658,0 -62.3063579,-31.4016648,0</coordinates>
                </LineString>
            </Placemark>
            <Placemark>
                <name />
                <styleUrl>#sendero</styleUrl>
                <LineString>
                    <tessellate>1</tessellate>
                    <coordinates>-62.3071389,-31.401658,0 -62.3071446,-31.402412,0</coordinates>
                </LineString>
            </Placemark>
            <Placemark>
                <name />
                <styleUrl>#sendero</styleUrl>
                <LineString>
                    <tessellate>1</tessellate>
                    <coordinates>-62.3071389,-31.401658,0 -62.3071387,-31.4016306,0</coordinates>
                </LineString>
            </Placemark>
            <Placemark>
                <name />
                <styleUrl>#sendero</styleUrl>
                <LineString>
                    <tessellate>1</tessellate>
                    <coordinates>-62.3063579,-31.4016648,0 -62.3071389,-31.401658,0</coordinates>
                </LineString>
            </Placemark>
            <Placemark>
                <name />
                <styleUrl>#sendero</styleUrl>
                <LineString>
                    <tessellate>1</tessellate>
                    <coordinates>-62.3063579,-31.4016648,0 -62.3063251,-31.4017048,0</coordinates>
                </LineString>
            </Placemark>
            <Placemark>
                <name />
                <styleUrl>#sendero</styleUrl>
                <LineString>
                    <tessellate>1</tessellate>
                    <coordinates>-62.3063579,-31.4016648,0 -62.3063687,-31.401632,0 -62.3063686,-31.4015981,0 -62.3063578,-31.4015654,0</coordinates>
                </LineString>
            </Placemark>
            <Placemark>
                <name />
                <styleUrl>#sendero</styleUrl>
                <LineString>
                    <tessellate>1</tessellate>
                    <coordinates>-62.3063578,-31.4015654,0 -62.3071382,-31.4015563,0</coordinates>
                </LineString>
            </Placemark>
            <Placemark>
                <name />
                <styleUrl>#sendero</styleUrl>
                <LineString>
                    <tessellate>1</tessellate>
                    <coordinates>-62.3063578,-31.4015654,0 -62.306348,-31.4015495,0</coordinates>
                </LineString>
            </Placemark>
            <Placemark>
                <name />
                <styleUrl>#sendero</styleUrl>
                <LineString>
                    <tessellate>1</tessellate>
                    <coordinates>-62.3063578,-31.4015654,0 -62.3063686,-31.4015981,0 -62.3063687,-31.401632,0 -62.3063579,-31.4016648,0</coordinates>
                </LineString>
            </Placemark>
            <Placemark>
                <name />
                <styleUrl>#sendero</styleUrl>
                <LineString>
                    <tessellate>1</tessellate>
                    <coordinates>-62.3071382,-31.4015563,0 -62.3063578,-31.4015654,0</coordinates>
                </LineString>
            </Placemark>
            <Placemark>
                <name />
                <styleUrl>#sendero</styleUrl>
                <LineString>
                    <tessellate>1</tessellate>
                    <coordinates>-62.3071382,-31.4015563,0 -62.3071387,-31.4016306,0</coordinates>
                </LineString>
            </Placemark>
            <Placemark>
                <name />
                <styleUrl>#sendero</styleUrl>
                <LineString>
                    <tessellate>1</tessellate>
                    <coordinates>-62.3071382,-31.4015563,0 -62.3071334,-31.4008496,0 -62.307069,-31.400802,0</coordinates>
                </LineString>
            </Placemark>
            <Placemark>
                <name />
                <styleUrl>#sendero</styleUrl>
                <LineString>
                    <tessellate>1</tessellate>
                    <coordinates>-62.307073,-31.4006596,0 -62.307069,-31.400802,0</coordinates>
                </LineString>
            </Placemark>
            <Placemark>
                <name />
                <styleUrl>#sendero</styleUrl>
                <LineString>
                    <tessellate>1</tessellate>
                    <coordinates>-62.3052569,-31.4008472,0 -62.3057979,-31.4012792,0</coordinates>
                </LineString>
            </Placemark>
            <Placemark>
                <name />
                <styleUrl>#sendero</styleUrl>
                <LineString>
                    <tessellate>1</tessellate>
                    <coordinates>-62.3052569,-31.4008472,0 -62.3052558,-31.4008126,0</coordinates>
                </LineString>
            </Placemark>
            <Placemark>
                <name />
                <styleUrl>#sendero</styleUrl>
                <LineString>
                    <tessellate>1</tessellate>
                    <coordinates>-62.3052569,-31.4008472,0 -62.3052686,-31.4015542,0</coordinates>
                </LineString>
            </Placemark>
            <Placemark>
                <name />
                <styleUrl>#sendero</styleUrl>
                <LineString>
                    <tessellate>1</tessellate>
                    <coordinates>-62.3057979,-31.4012792,0 -62.3052569,-31.4008472,0</coordinates>
                </LineString>
            </Placemark>
            <Placemark>
                <name />
                <styleUrl>#sendero</styleUrl>
                <LineString>
                    <tessellate>1</tessellate>
                    <coordinates>-62.3057979,-31.4012792,0 -62.305818,-31.4012697,0 -62.3058409,-31.40127,0 -62.3058606,-31.40128,0</coordinates>
                </LineString>
            </Placemark>
            <Placemark>
                <name />
                <styleUrl>#sendero</styleUrl>
                <LineString>
                    <tessellate>1</tessellate>
                    <coordinates>-62.3057979,-31.4012792,0 -62.3057862,-31.401296,0 -62.3057858,-31.4013155,0 -62.305797,-31.4013326,0</coordinates>
                </LineString>
            </Placemark>
            <Placemark>
                <name />
                <styleUrl>#sendero</styleUrl>
                <LineString>
                    <tessellate>1</tessellate>
                    <coordinates>-62.305797,-31.4013326,0 -62.3057487,-31.4014064,0 -62.3057192,-31.4014591,0 -62.3057105,-31.4014951,0 -62.3057071,-31.4015482,0</coordinates>
                </LineString>
            </Placemark>
            <Placemark>
                <name />
                <styleUrl>#sendero</styleUrl>
                <LineString>
                    <tessellate>1</tessellate>
                    <coordinates>-62.305797,-31.4013326,0 -62.3057858,-31.4013155,0 -62.3057862,-31.401296,0 -62.3057979,-31.4012792,0</coordinates>
                </LineString>
            </Placemark>
            <Placemark>
                <name />
                <styleUrl>#sendero</styleUrl>
                <LineString>
                    <tessellate>1</tessellate>
                    <coordinates>-62.305797,-31.4013326,0 -62.3058166,-31.4013427,0 -62.3058395,-31.401343,0 -62.3058596,-31.4013335,0</coordinates>
                </LineString>
            </Placemark>
            <Placemark>
                <name />
                <styleUrl>#sendero</styleUrl>
                <LineString>
                    <tessellate>1</tessellate>
                    <coordinates>-62.3058596,-31.4013335,0 -62.3061282,-31.4015227,0</coordinates>
                </LineString>
            </Placemark>
            <Placemark>
                <name />
                <styleUrl>#sendero</styleUrl>
                <LineString>
                    <tessellate>1</tessellate>
                    <coordinates>-62.3058596,-31.4013335,0 -62.3058395,-31.401343,0 -62.3058166,-31.4013427,0 -62.305797,-31.4013326,0</coordinates>
                </LineString>
            </Placemark>
            <Placemark>
                <name />
                <styleUrl>#sendero</styleUrl>
                <LineString>
                    <tessellate>1</tessellate>
                    <coordinates>-62.3058596,-31.4013335,0 -62.3058713,-31.4013167,0 -62.3058717,-31.4012971,0 -62.3058606,-31.40128,0</coordinates>
                </LineString>
            </Placemark>
            <Placemark>
                <name />
                <styleUrl>#sendero</styleUrl>
                <LineString>
                    <tessellate>1</tessellate>
                    <coordinates>-62.3058606,-31.40128,0 -62.3059452,-31.4012382,0 -62.3061226,-31.4012141,0</coordinates>
                </LineString>
            </Placemark>
            <Placemark>
                <name />
                <styleUrl>#sendero</styleUrl>
                <LineString>
                    <tessellate>1</tessellate>
                    <coordinates>-62.3058606,-31.40128,0 -62.3058717,-31.4012971,0 -62.3058713,-31.4013167,0 -62.3058596,-31.4013335,0</coordinates>
                </LineString>
            </Placemark>
            <Placemark>
                <name />
                <styleUrl>#sendero</styleUrl>
                <LineString>
                    <tessellate>1</tessellate>
                    <coordinates>-62.3058606,-31.40128,0 -62.3058409,-31.40127,0 -62.305818,-31.4012697,0 -62.3057979,-31.4012792,0</coordinates>
                </LineString>
            </Placemark>
            <Placemark>
                <name />
                <styleUrl>#sendero</styleUrl>
                <LineString>
                    <tessellate>1</tessellate>
                    <coordinates>-62.3062087,-31.4008894,0 -62.3062093,-31.4008073,0</coordinates>
                </LineString>
            </Placemark>
            <Placemark>
                <name />
                <styleUrl>#sendero</styleUrl>
                <LineString>
                    <tessellate>1</tessellate>
                    <coordinates>-62.3062087,-31.4008894,0 -62.3061168,-31.4008902,0 -62.3061226,-31.4012141,0</coordinates>
                </LineString>
            </Placemark>
            <Placemark>
                <name />
                <styleUrl>#sendero</styleUrl>
                <LineString>
                    <tessellate>1</tessellate>
                    <coordinates>-62.3062087,-31.4008894,0 -62.3062938,-31.400889,0 -62.3063055,-31.4015121,0</coordinates>
                </LineString>
            </Placemark>
            <Placemark>
                <name />
                <styleUrl>#sendero</styleUrl>
                <LineString>
                    <tessellate>1</tessellate>
                    <coordinates>-62.3062093,-31.4008073,0 -62.3062087,-31.4008894,0</coordinates>
                </LineString>
            </Placemark>
            <Placemark>
                <name />
                <styleUrl>#sendero</styleUrl>
                <LineString>
                    <tessellate>1</tessellate>
                    <coordinates>-62.3062093,-31.4008073,0 -62.3062039,-31.4006702,0</coordinates>
                </LineString>
            </Placemark>
            <Placemark>
                <name />
                <styleUrl>#sendero</styleUrl>
                <LineString>
                    <tessellate>1</tessellate>
                    <coordinates>-62.3062093,-31.4008073,0 -62.307069,-31.400802,0</coordinates>
                </LineString>
            </Placemark>
            <Placemark>
                <name />
                <styleUrl>#sendero</styleUrl>
                <LineString>
                    <tessellate>1</tessellate>
                    <coordinates>-62.3062093,-31.4008073,0 -62.3052558,-31.4008126,0</coordinates>
                </LineString>
            </Placemark>
            <Placemark>
                <name />
                <styleUrl>#sendero</styleUrl>
                <LineString>
                    <tessellate>1</tessellate>
                    <coordinates>-62.307069,-31.400802,0 -62.307073,-31.4006596,0</coordinates>
                </LineString>
            </Placemark>
            <Placemark>
                <name />
                <styleUrl>#sendero</styleUrl>
                <LineString>
                    <tessellate>1</tessellate>
                    <coordinates>-62.307069,-31.400802,0 -62.3062093,-31.4008073,0</coordinates>
                </LineString>
            </Placemark>
            <Placemark>
                <name />
                <styleUrl>#sendero</styleUrl>
                <LineString>
                    <tessellate>1</tessellate>
                    <coordinates>-62.307069,-31.400802,0 -62.3070435,-31.4008421,0 -62.3067144,-31.4011352,0 -62.3065319,-31.4013184,0 -62.306348,-31.4015495,0</coordinates>
                </LineString>
            </Placemark>
            <Placemark>
                <name />
                <styleUrl>#sendero</styleUrl>
                <LineString>
                    <tessellate>1</tessellate>
                    <coordinates>-62.307069,-31.400802,0 -62.3071334,-31.4008496,0 -62.3071382,-31.4015563,0</coordinates>
                </LineString>
            </Placemark>
            <Placemark>
                <name />
                <styleUrl>#sendero</styleUrl>
                <LineString>
                    <tessellate>1</tessellate>
                    <coordinates>-62.3052558,-31.4008126,0 -62.3050513,-31.4006738,0</coordinates>
                </LineString>
            </Placemark>
            <Placemark>
                <name />
                <styleUrl>#sendero</styleUrl>
                <LineString>
                    <tessellate>1</tessellate>
                    <coordinates>-62.3052558,-31.4008126,0 -62.3062093,-31.4008073,0</coordinates>
                </LineString>
            </Placemark>
            <Placemark>
                <name />
                <styleUrl>#sendero</styleUrl>
                <LineString>
                    <tessellate>1</tessellate>
                    <coordinates>-62.3052558,-31.4008126,0 -62.3052569,-31.4008472,0</coordinates>
                </LineString>
            </Placemark>
            <Placemark>
                <name />
                <styleUrl>#sendero</styleUrl>
                <LineString>
                    <tessellate>1</tessellate>
                    <coordinates>-62.30528,-31.4024172,0 -62.3051213,-31.402551,0</coordinates>
                </LineString>
            </Placemark>
            <Placemark>
                <name />
                <styleUrl>#sendero</styleUrl>
                <LineString>
                    <tessellate>1</tessellate>
                    <coordinates>-62.30528,-31.4024172,0 -62.3052707,-31.4016845,0</coordinates>
                </LineString>
            </Placemark>
            <Placemark>
                <name />
                <styleUrl>#sendero</styleUrl>
                <LineString>
                    <tessellate>1</tessellate>
                    <coordinates>-62.30528,-31.4024172,0 -62.306104,-31.4024142,0</coordinates>
                </LineString>
            </Placemark>
            <Placemark>
                <name />
                <styleUrl>#sendero</styleUrl>
                <LineString>
                    <tessellate>1</tessellate>
                    <coordinates>-62.3071446,-31.402412,0 -62.3073119,-31.4025407,0</coordinates>
                </LineString>
            </Placemark>
            <Placemark>
                <name />
                <styleUrl>#sendero</styleUrl>
                <LineString>
                    <tessellate>1</tessellate>
                    <coordinates>-62.3071446,-31.402412,0 -62.3070193,-31.4024125,0</coordinates>
                </LineString>
            </Placemark>
            <Placemark>
                <name />
                <styleUrl>#sendero</styleUrl>
                <LineString>
                    <tessellate>1</tessellate>
                    <coordinates>-62.3071446,-31.402412,0 -62.3071389,-31.401658,0</coordinates>
                </LineString>
            </Placemark>
            <Placemark>
                <name />
                <styleUrl>#sendero</styleUrl>
                <LineString>
                    <tessellate>1</tessellate>
                    <coordinates>-62.3061282,-31.4015227,0 -62.3058596,-31.4013335,0</coordinates>
                </LineString>
            </Placemark>
            <Placemark>
                <name />
                <styleUrl>#sendero</styleUrl>
                <LineString>
                    <tessellate>1</tessellate>
                    <coordinates>-62.3061282,-31.4015227,0 -62.3061226,-31.4012141,0</coordinates>
                </LineString>
            </Placemark>
            <Placemark>
                <name />
                <styleUrl>#sendero</styleUrl>
                <LineString>
                    <tessellate>1</tessellate>
                    <coordinates>-62.3061282,-31.4015227,0 -62.3060939,-31.4015618,0</coordinates>
                </LineString>
            </Placemark>
            <Placemark>
                <name />
                <styleUrl>#sendero</styleUrl>
                <LineString>
                    <tessellate>1</tessellate>
                    <coordinates>-62.3061282,-31.4015227,0 -62.3061834,-31.4014964,0 -62.3062465,-31.4014926,0 -62.3063055,-31.4015121,0</coordinates>
                </LineString>
            </Placemark>
            <Placemark>
                <name />
                <styleUrl>#sendero</styleUrl>
                <LineString>
                    <tessellate>1</tessellate>
                    <coordinates>-62.3060939,-31.4015618,0 -62.3061282,-31.4015227,0</coordinates>
                </LineString>
            </Placemark>
            <Placemark>
                <name />
                <styleUrl>#sendero</styleUrl>
                <LineString>
                    <tessellate>1</tessellate>
                    <coordinates>-62.3060939,-31.4015618,0 -62.3059506,-31.4015448,0 -62.3057071,-31.4015482,0</coordinates>
                </LineString>
            </Placemark>
            <Placemark>
                <name />
                <styleUrl>#sendero</styleUrl>
                <LineString>
                    <tessellate>1</tessellate>
                    <coordinates>-62.3060939,-31.4015618,0 -62.3060799,-31.4016091,0 -62.3060885,-31.4016574,0</coordinates>
                </LineString>
            </Placemark>
            <Placemark>
                <name />
                <styleUrl>#sendero</styleUrl>
                <LineString>
                    <tessellate>1</tessellate>
                    <coordinates>-62.3060885,-31.4016574,0 -62.3061182,-31.4016991,0</coordinates>
                </LineString>
            </Placemark>
            <Placemark>
                <name />
                <styleUrl>#sendero</styleUrl>
                <LineString>
                    <tessellate>1</tessellate>
                    <coordinates>-62.3060885,-31.4016574,0 -62.3059523,-31.4016789,0 -62.3052707,-31.4016845,0</coordinates>
                </LineString>
            </Placemark>
            <Placemark>
                <name />
                <styleUrl>#sendero</styleUrl>
                <LineString>
                    <tessellate>1</tessellate>
                    <coordinates>-62.3060885,-31.4016574,0 -62.3060799,-31.4016091,0 -62.3060939,-31.4015618,0</coordinates>
                </LineString>
            </Placemark>
            <Placemark>
                <name />
                <styleUrl>#sendero</styleUrl>
                <LineString>
                    <tessellate>1</tessellate>
                    <coordinates>-62.3061182,-31.4016991,0 -62.3060885,-31.4016574,0</coordinates>
                </LineString>
            </Placemark>
            <Placemark>
                <name />
                <styleUrl>#sendero</styleUrl>
                <LineString>
                    <tessellate>1</tessellate>
                    <coordinates>-62.3061182,-31.4016991,0 -62.3060219,-31.4017989,0 -62.3060294,-31.4021568,0 -62.3060986,-31.4021568,0</coordinates>
                </LineString>
            </Placemark>
            <Placemark>
                <name />
                <styleUrl>#sendero</styleUrl>
                <LineString>
                    <tessellate>1</tessellate>
                    <coordinates>-62.3061182,-31.4016991,0 -62.3061646,-31.4017278,0 -62.3062203,-31.4017389,0 -62.3062767,-31.4017308,0 -62.3063251,-31.4017048,0</coordinates>
                </LineString>
            </Placemark>
            <Placemark>
                <name />
                <styleUrl>#sendero</styleUrl>
                <LineString>
                    <tessellate>1</tessellate>
                    <coordinates>-62.3063251,-31.4017048,0 -62.3064349,-31.4018861,0</coordinates>
                </LineString>
            </Placemark>
            <Placemark>
                <name />
                <styleUrl>#sendero</styleUrl>
                <LineString>
                    <tessellate>1</tessellate>
                    <coordinates>-62.3063251,-31.4017048,0 -62.3063579,-31.4016648,0</coordinates>
                </LineString>
            </Placemark>
            <Placemark>
                <name />
                <styleUrl>#sendero</styleUrl>
                <LineString>
                    <tessellate>1</tessellate>
                    <coordinates>-62.3063251,-31.4017048,0 -62.3062767,-31.4017308,0 -62.3062203,-31.4017389,0 -62.3061646,-31.4017278,0 -62.3061182,-31.4016991,0</coordinates>
                </LineString>
            </Placemark>
            <Placemark>
                <name />
                <styleUrl>#sendero</styleUrl>
                <LineString>
                    <tessellate>1</tessellate>
                    <coordinates>-62.306348,-31.4015495,0 -62.3063578,-31.4015654,0</coordinates>
                </LineString>
            </Placemark>
            <Placemark>
                <name />
                <styleUrl>#sendero</styleUrl>
                <LineString>
                    <tessellate>1</tessellate>
                    <coordinates>-62.306348,-31.4015495,0 -62.3063055,-31.4015121,0</coordinates>
                </LineString>
            </Placemark>
            <Placemark>
                <name />
                <styleUrl>#sendero</styleUrl>
                <LineString>
                    <tessellate>1</tessellate>
                    <coordinates>-62.306348,-31.4015495,0 -62.3065319,-31.4013184,0 -62.3067144,-31.4011352,0 -62.3070435,-31.4008421,0 -62.307069,-31.400802,0</coordinates>
                </LineString>
            </Placemark>
            <Placemark>
                <name />
                <styleUrl>#sendero</styleUrl>
                <LineString>
                    <tessellate>1</tessellate>
                    <coordinates>-62.3063055,-31.4015121,0 -62.306348,-31.4015495,0</coordinates>
                </LineString>
            </Placemark>
            <Placemark>
                <name />
                <styleUrl>#sendero</styleUrl>
                <LineString>
                    <tessellate>1</tessellate>
                    <coordinates>-62.3063055,-31.4015121,0 -62.3062938,-31.400889,0 -62.3062087,-31.4008894,0</coordinates>
                </LineString>
            </Placemark>
            <Placemark>
                <name />
                <styleUrl>#sendero</styleUrl>
                <LineString>
                    <tessellate>1</tessellate>
                    <coordinates>-62.3063055,-31.4015121,0 -62.3062465,-31.4014926,0 -62.3061834,-31.4014964,0 -62.3061282,-31.4015227,0</coordinates>
                </LineString>
            </Placemark>
        </Folder>
        <Folder>
            <name>Condiciones ambientales</name>
            <Placemark>
                <name>Condiciones ambientales</name>
                <description>Viento: 18 km/h
Dirección principal: 135°
Humedad relativa: 35%
Pendiente media: 12%
Vegetación dominante: matorral
Factor ambiental estimado: 2.00
Riesgo de propagación: 6.0 / 10</description>
                <Point>
                    <coordinates>-62.40903,-31.48386,0</coordinates>
                </Point>
            </Placemark>
        </Folder>
    </Document>
</kml>